state,year,co2_per_cap,gdp_per_cap,pop_size,region,firm_num,employees,payroll_thousands,fossil_fuels,renewables,petroleum,coal,natural_gas
Alabama,1997,30.76968865,31465,4367935,West,246,9876,601134.0107,1730236,300025,525885,867264,337453
Alaska,1997,68.51907441,62577,612968,South,139,9096,941378.9992,693234,15583,256711,11719,425394
Arizona,1997,15.11508363,34485,4736990,South,196,12788,777539.5652,938073,143638,432517,369872,137588
Arkansas,1997,22.91347089,30470,2601090,West,279,3648,160889.3832,831697,124083,320891,246786,264019
California,1997,10.8631377,41314,32486010,South,797,27405,1886471.293,5563538,767465,3303260,82651,2185029
Colorado,1997,18.73930049,43632,4018293,South,966,16906,1147266.349,1046442,38517,377397,362423,318292
Connecticut,1997,12.77860646,54783,3349348,Northeast,80,1426,114658.9989,621331,51009,428059,44982,148622
Delaware,1997,22.08953714,57373,751487,West,14,135,6024.412829,228229,2202,131503,48586,48141
District of Columbia,1997,7.573942818,131750,567736,West,12,0,0,68423,1377,32614,983,34826
Florida,1997,14.42088872,35611,15186304,West,212,7842,410546.2906,2954510,232476,1656094,751335,547201
Georgia,1997,20.46818135,41289,7685099,West,143,6929,349333.07,2089308,262485,939627,767969,381726
Hawaii,1997,15.43362715,44161,1211640,South,7,0,0,251074,22540,230561,20513,2689
Idaho,1997,11.23302836,28973,1228520,South,118,3334,183915.0179,223896,179013,146685,6410,70801
Illinois,1997,18.60375037,45613,12185715,Midwest,579,11312,773992.0188,3243331,91181,1188677,974920,1099809
Indiana,1997,36.57266752,37398,5955267,Midwest,245,0,0,2802586,47037,825239,1423469,562765
Iowa,1997,24.45419922,37300,2891119,Midwest,73,1926,90203.11758,963289,80059,368122,391698,256790
Kansas,1997,27.24555761,37394,2635292,Midwest,961,9893,460691.8081,1025694,10351,376454,310907,338569
Kentucky,1997,36.02557917,35384,3952747,West,594,23010,1199827.245,1781631,48523,565116,977760,239332
Louisiana,1997,50.75693197,40661,4421071,West,1335,54253,3446048.349,4017871,149696,1934800,226065,1857072
Maine,1997,15.77973404,33011,1254774,Northeast,26,0,0,272037,161832,256601,8966,6501
Maryland,1997,13.99949741,41929,5157328,West,80,1857,91411.47551,1018884,53176,510445,289686,219192
Massachusetts,1997,13.78079035,47225,6226058,Northeast,85,1379,90660.26184,1259934,72313,725633,122896,411555
Michigan,1997,19.50239631,39314,9809051,Midwest,430,6743,393930.0324,2748587,116019,982139,781123,1010167
Minnesota,1997,19.31397597,42629,4763390,Midwest,136,7164,485929.6467,1317647,89962,631434,341636,360439
Mississippi,1997,20.16561733,28368,2777004,West,357,4600,192114.2076,829735,84292,433354,132171,264210
Missouri,1997,22.93296368,39749,5481193,Midwest,225,5008,239201.4033,1653923,31337,698521,670589,286117
Montana,1997,33.26347255,30009,889865,South,280,5283,305187.9051,384909,153271,160643,162568,61699
Nebraska,1997,24.31188472,39468,1686418,Midwest,126,1087,46838.57331,556197,41932,232513,193334,132141
Nevada,1997,21.54068014,47622,1764104,South,228,13984,889723.0344,516624,48281,214461,166666,135497
New Hampshire,1997,13.95632343,39215,1189425,Northeast,42,680,36080.97969,225101,42283,159428,44527,21249
New Jersey,1997,15.20901814,49674,8218808,Northeast,104,3206,272753.386,1970902,40227,1136640,99889,742031
New Mexico,1997,31.55215769,36181,1774839,South,548,16220,913276.6573,767980,9781,218976,288506,261881
New York,1997,11.00418052,49027,18656546,Northeast,328,5659,390127.1803,3146766,492995,1466190,325232,1358091
North Carolina,1997,18.70226889,39424,7656825,West,124,3827,203707.2257,1849484,167590,862904,765927,223419
North Dakota,1997,72.64712582,31924,649716,Midwest,204,4207,248336.2684,559762,37662,120487,385988,59283
Ohio,1997,23.18805727,39495,11277357,Midwest,730,13964,792046.5438,3558952,86935,1227707,1407234,938245
Oklahoma,1997,29.38109654,32363,3372917,West,2208,35457,2359717.192,1424464,55186,458549,392437,573479
Oregon,1997,10.92512506,34053,3304310,South,138,1954,93194.60546,568698,530611,358565,16363,193773
Pennsylvania,1997,22.65327229,38830,12227814,Northeast,800,19654,1076070.808,3614027,119659,1318729,1569642,730778
Rhode Island,1997,13.26372479,37740,1025353,Northeast,20,89,5908.121745,222937,4347,102353,71,120532
South Carolina,1997,18.60250134,34141,3859696,West,53,1435,63159.42546,956849,131984,436791,361385,158683
South Dakota,1997,17.87098759,30781,744223,Midwest,53,0,0,191610,96328,113279,42942,36803
Tennessee,1997,22.31220245,36870,5499233,West,161,5019,239327.0511,1610222,161832,637814,680608,291844
Texas,1997,32.75023395,41305,19740317,West,6023,150536,10533135.79,11668119,126384,5917058,1523201,4231566
Utah,1997,28.82369147,35632,2119784,South,297,8618,535396.1312,792986,20403,245634,375105,172248
Vermont,1997,10.88341518,32684,597239,Northeast,51,700,34347.30687,97615,19949,86611,2695,8314
Virginia,1997,16.13663011,43069,6829183,West,333,13539,717872.8823,1493003,125998,803207,432781,259936
Washington,1997,13.92132548,45938,5674747,South,167,3496,202552.3349,1172088,1160958,825636,80465,268141
West Virginia,1997,61.01874925,30443,1819113,West,650,24498,1518776.262,1307333,17599,199292,937708,170349
Wisconsin,1997,19.67258066,38770,5266213,Midwest,136,2296,136724.8979,1437818,128394,551793,486597,404959
Wyoming,1997,120.3389103,46657,489451,South,564,15790,1025259.625,707658,16280,131412,468350,107907
Alabama,1998,30.35393322,32310,4404701,West,228,8866,511503.5904,1717751,317355,519583,856479,341976
Alaska,1998,69.52375422,59566,619932,South,113,8730,924828.2055,709668,13638,259108,16471,434437
Arizona,1998,15.66550121,36281,4883342,South,188,13920,768291.2176,1016590,128257,470202,386770,161086
Arkansas,1998,23.22668983,30834,2626289,West,260,0,0,849555,114968,322009,254658,272888
California,1998,11.01623561,43329,32987675,South,770,21841,1293119.793,5804462,838293,3325202,66157,2418688
Colorado,1998,18.87462078,46149,4116639,South,878,11810,749797.6018,1096798,31405,408228,364889,334257
Connecticut,1998,12.00468777,56336,3365352,Northeast,63,0,0,585058,49477,417880,32569,134925
Delaware,1998,21.09165701,59129,763335,West,11,0,0,220407,1935,132269,45817,42322
District of Columbia,1998,7.253684341,134340,565230,West,3,0,0,65029,1221,33640,155,31235
Florida,1998,14.98073265,36629,15486559,West,205,8223,451391.1127,3118235,206791,1839319,749474,529565
Georgia,1998,20.15632662,43110,7863536,West,135,0,0,2108985,256581,963042,767394,378565
Hawaii,1998,15.4702843,42644,1215233,South,11,0,0,251859,21701,233636,18223,2803
Idaho,1998,11.2590132,29672,1252330,South,105,2621,134129.0589,233465,159820,152770,8783,71912
Illinois,1998,17.69904726,46720,12271847,Midwest,544,9391,534722.285,3091514,91484,1185674,949046,978337
Indiana,1998,36.55682394,39431,5998880,Midwest,232,6314,385049.165,2792680,44519,822287,1447976,530637
Iowa,1998,25.66423873,37466,2902872,Midwest,74,0,0,997571,79013,393903,424859,234619
Kansas,1998,26.61055898,38333,2660598,Midwest,896,7032,278109.7094,1013120,9896,378987,309382,325041
Kentucky,1998,35.30394767,36086,3985390,West,538,21374,1165834.86,1752419,43807,581649,958990,212108
Louisiana,1998,47.29363311,41771,4440344,West,1268,53742,3193485.907,3760031,147541,1855764,225283,1679040
Maine,1998,15.40750059,33755,1259127,Northeast,25,0,0,266396,151245,253313,7294,5813
Maryland,1998,14.44913444,43467,5204464,West,79,1923,85467.32903,1042893,52662,543751,303896,195540
Massachusetts,1998,13.37725879,48828,6271838,Northeast,84,0,0,1222998,66411,746097,109862,367109
Michigan,1998,19.33398877,40095,9847942,Midwest,417,6825,386073.1514,2682230,108892,986703,826852,893988
Minnesota,1998,19.11326103,44442,4813412,Midwest,140,0,0,1308404,87852,631858,357030,337128
Mississippi,1998,20.28640554,28760,2804834,West,333,4320,182519.6561,840606,64176,462232,125930,252445
Missouri,1998,23.63374754,40099,5521765,Midwest,206,0,0,1702874,38059,746380,695687,261504
Montana,1998,35.52095344,31017,892431,South,267,4878,278638.813,407191,128284,159730,186099,61398
Nebraska,1998,25.35652453,39955,1695816,Midwest,124,976,39772.26421,580056,42666,245892,204797,131125
Nevada,1998,21.96211831,47529,1853191,South,211,12630,825842.4131,559762,54339,222084,184243,154656
New Hampshire,1998,13.84811848,41097,1205940,Northeast,35,0,0,226124,40587,168268,38623,19338
New Jersey,1998,14.5401137,50238,8287418,Northeast,101,1969,141002.1399,1897612,39547,1116104,86235,705462
New Mexico,1998,30.94535552,35611,1793484,South,529,15489,823365.3663,760775,10064,231328,290367,241406
New York,1998,10.89256899,49728,18755906,Northeast,300,3684,201730.5889,3104158,460173,1501741,337438,1267065
North Carolina,1998,18.28630905,39861,7809121,West,116,3434,164149.7609,1847308,163014,873708,754322,222659
North Dakota,1998,74.74534077,33717,647532,Midwest,190,4159,236700.1199,567926,27325,113349,409226,51428
Ohio,1998,23.02958679,40746,11311536,Midwest,697,11609,620767.4161,3494657,85955,1220606,1450165,843871
Oklahoma,1998,28.66209679,32700,3405194,West,2140,26534,1282138.921,1420359,60595,466331,370064,583964
Oregon,1998,12.43866797,35257,3352449,South,130,0,0,661220,455595,387043,36133,239271
Pennsylvania,1998,21.74645867,39869,12245672,Northeast,764,17820,961752.2607,3482971,111706,1350924,1466042,667233
Rhode Island,1998,13.48002968,38856,1031155,Northeast,20,0,0,230553,4197,96460,59,134035
South Carolina,1998,19.13638759,34960,3919235,West,53,1348,66120.82987,991444,129957,453196,373368,164881
South Dakota,1998,17.15684303,32505,746058,Midwest,47,0,0,184698,63218,111903,41015,33374
Tennessee,1998,21.86696876,38553,5570045,West,156,4009,191085.3419,1611387,158856,672134,651838,287447
Texas,1998,32.35019209,43372,20157531,West,5745,109687,6718049.787,11851425,115577,5990370,1488589,4377957
Utah,1998,29.31725424,36907,2165960,South,286,7984,451202.8993,824579,20534,251520,396129,177960
Vermont,1998,10.49272504,33451,600416,Northeast,49,0,0,91024,20289,83144,53,7828
Virginia,1998,16.24421562,44668,6900918,West,296,11799,593348.7978,1522577,126116,815891,438490,271542
Washington,1998,14.36850839,48017,5769562,South,168,0,0,1230133,904701,826244,103476,303307
West Virginia,1998,63.2845508,30904,1815609,West,625,21325,1312733.477,1343767,16215,213555,978340,151873
Wisconsin,1998,19.17823527,39857,5297672,Midwest,135,2194,134294.8973,1410287,110689,569054,472029,372082
Wyoming,1998,129.9952933,47475,490787,South,551,16257,984976.22,761791,15732,129026,516261,116505
Alabama,1999,30.72136982,33106,4430141,West,213,7947,432697.6922,1752758,290238,537208,866512,349080
Alaska,1999,69.78467586,58609,624779,South,111,8246,788180.0927,714792,10605,275974,16394,422817
Arizona,1999,16.00374854,38300,5023823,South,181,12027,658650.4815,1066187,116308,496423,403262,167770
Arkansas,1999,23.83232901,31877,2651860,West,245,3046,134390.8187,875812,110867,351123,267022,257666
California,1999,10.9554842,45541,33499204,South,736,19489,1134470.626,5877136,764608,3432869,69547,2379558
Colorado,1999,18.81203535,49040,4226018,South,849,11621,757783.0586,1108517,32398,417812,364236,335458
Connecticut,1999,12.28442822,57724,3386401,Northeast,63,680,42147.63511,613903,49603,443105,15231,155902
Delaware,1999,21.03252945,66794,774990,West,14,0,0,230227,1999,136223,35915,58089
District of Columbia,1999,7.365668619,138460,570213,West,3,0,0,66573,1257,33458,151,32964
Florida,1999,14.67693515,37913,15759421,West,199,6741,345323.4426,3139118,205580,1839473,716280,583448
Georgia,1999,19.99760128,44677,8045965,West,140,6888,416384.6387,2144649,231125,1014924,782617,347120
Hawaii,1999,15.28546641,43398,1210300,South,10,0,0,247681,21821,229990,17691,2886
Idaho,1999,11.75849002,31920,1275674,South,103,2277,120712.4753,246560,167399,165224,7976,73361
Illinois,1999,18.31860455,47665,12359020,Midwest,500,9465,563553.6726,3246640,93844,1295841,958832,1026415
Indiana,1999,37.28720528,40222,6044969,Midwest,223,6014,351172.3444,2881002,47600,854441,1477167,566981
Iowa,1999,26.18560107,37971,2917634,Midwest,75,1804,87930.55205,1036451,84399,409519,432009,235085
Kansas,1999,27.7784208,39206,2678338,Midwest,840,6003,260095.8507,1054191,10144,423344,329308,302023
Kentucky,1999,36.11201744,36847,4018053,West,498,20798,1133699.271,1820983,38509,608305,987592,225393
Louisiana,1999,46.9645542,42192,4460811,West,1190,44053,2624136.487,3766800,148447,1980955,227687,1558295
Maine,1999,16.18240491,35300,1266808,Northeast,23,0,0,279855,159191,266344,6864,6690
Maryland,1999,14.78729982,44507,5254509,West,87,1831,92536.78764,1076762,50890,569264,305186,203040
Massachusetts,1999,12.88515983,50987,6317345,Northeast,86,1080,69296.99628,1191419,65165,716597,113610,361351
Michigan,1999,20.04624377,41764,9897116,Midwest,415,6788,399045.2587,2816016,111272,1039667,832638,968282
Minnesota,1999,19.04183068,45258,4873481,Midwest,136,6876,440752.4877,1334525,98815,661046,341475,351143
Mississippi,1999,21.88510286,29257,2828408,West,308,3901,183960.9704,928274,65132,472889,137608,317777
Missouri,1999,23.58885772,41051,5561948,Midwest,202,4475,212517.8282,1726845,33912,772032,687170,269262
Montana,1999,36.09999699,31395,897507,South,259,4553,262603.0748,423719,157019,173363,186770,63624
Nebraska,1999,24.51952294,40474,1704764,Midwest,110,0,0,566299,44611,248488,198490,121368
Nevada,1999,21.34678025,49517,1934718,South,199,12013,744447.2532,566877,51196,227485,181616,159981
New Hampshire,1999,13.74779667,42172,1222014,Northeast,42,495,30270.83589,229675,38908,173884,35408,20496
New Jersey,1999,14.89307134,51571,8359592,Northeast,101,2189,144599.9984,1988140,40467,1162230,88984,743561
New Mexico,1999,31.19327553,37395,1808082,South,516,11945,655852.2288,768657,10249,241182,298105,231312
New York,1999,10.94121744,52368,18882725,Northeast,290,3523,200164.5663,3150303,420320,1525301,317998,1308656
North Carolina,1999,17.76243399,41811,7949361,West,112,3521,172194.9166,1831977,142638,867739,742398,224763
North Dakota,1999,76.67723695,33710,644259,Midwest,189,3583,229141.2264,588336,30685,124037,411323,58962
Ohio,1999,22.91041894,42013,11335454,Midwest,665,11252,582323.7284,3525279,93557,1290367,1382205,873157
Oklahoma,1999,28.25017376,33045,3437147,West,1982,22495,1128501.964,1404456,55321,493090,360598,550768
Oregon,1999,12.69910113,35552,3393941,South,129,1924,94196.68075,679626,510895,395064,38604,246999
Pennsylvania,1999,21.5838396,41016,12263805,Northeast,764,17102,928488.0633,3473079,110245,1345656,1414957,713570
Rhode Island,1999,12.68740352,40034,1040402,Northeast,27,0,0,218281,4403,97520,41,120720
South Carolina,1999,19.72484843,35728,3974682,West,49,0,0,1028239,96968,458126,402153,167978
South Dakota,1999,17.99011743,33574,750412,Midwest,48,0,0,196134,73106,115592,46304,36009
Tennessee,1999,21.72484254,38930,5638706,West,149,4151,191319.1002,1624518,131838,689813,648342,286375
Texas,1999,30.56684869,43825,20558220,West,5355,102337,6760942.97,11561844,98743,5898080,1530426,4138086
Utah,1999,28.27343269,38084,2203482,South,263,7526,428500.957,810023,21238,257585,384060,169255
Vermont,1999,10.749434,35087,604683,Northeast,52,0,0,93992,20800,83849,2016,8129
Virginia,1999,16.3138802,46223,7000174,West,285,10332,508350.9588,1560143,122836,831187,444542,287330
Washington,1999,14.37724944,50591,5842564,South,167,3064,182271.4594,1248464,1084137,851788,96875,302262
West Virginia,1999,63.80398709,32208,1811799,West,580,20256,1150172.004,1345028,14810,204336,993017,147675
Wisconsin,1999,19.85873482,41053,5332666,Midwest,144,2462,160951.684,1474177,116305,610729,480722,385142
Wyoming,1999,126.682663,49380,491780,South,547,15157,982672.1771,745714,14158,147886,496169,101660
Alabama,2000,31.93945968,33284,4452173,West,204,7286,443361.5164,1833286,263309,560633,904181,368472
Alaska,2000,70.54555762,57184,627963,South,98,7742,897169.5643,729758,12375,275502,16455,437972
Arizona,2000,16.68415176,39185,5160586,South,172,9956,521397.1698,1144386,102408,504891,432810,208137
Arkansas,2000,23.78118621,31834,2678588,West,248,3161,133613.4443,882085,108679,358392,267579,256114
California,2000,11.25103739,48223,33987977,South,736,19654,1220349.247,6103048,741805,3582109,70012,2456438
Colorado,2000,19.55200938,51524,4326921,South,879,12355,839911.1091,1193543,32002,444573,387879,370911
Connecticut,2000,12.60340286,61355,3411777,Northeast,63,719,46152.86391,629188,50924,429580,36246,163717
Delaware,2000,21.23674134,68992,786373,West,19,0,0,231276,2288,130954,50147,50181
District of Columbia,2000,7.516878013,138628,572046,West,3,0,0,69050,1353,34495,177,34377
Florida,2000,14.9368921,38860,16047515,West,203,5843,279663.0577,3245265,196685,1910520,760439,574460
Georgia,2000,20.56567018,45447,8227303,West,148,6598,355780.0876,2256045,222198,1015253,819530,421337
Hawaii,2000,15.49213486,44260,1213519,South,12,0,0,253044,20451,235315,17653,2975
Idaho,2000,12.08222067,34851,1299430,South,112,2367,121244.5515,255818,141037,167567,13732,74518
Illinois,2000,18.7949955,49145,12434161,Midwest,493,8939,494658.534,3319569,97693,1286709,1016555,1053319
Indiana,2000,39.13415036,41205,6091866,Midwest,215,5314,281189.2356,3022409,48676,861092,1595037,584850
Iowa,2000,26.49307783,39747,2929067,Midwest,78,1953,93590.20893,1046226,80729,404987,445888,233736
Kansas,2000,28.28842762,39923,2693681,Midwest,814,6567,299104.6947,1069132,9922,391680,362797,314868
Kentucky,2000,36.00870433,35513,4049021,West,478,20145,1054689.806,1827742,36286,596184,997621,234181
Louisiana,2000,51.41008769,40679,4471885,West,1190,41141,2529356.346,4058492,142355,2179390,253263,1625863
Maine,2000,17.54012303,36503,1277072,Northeast,19,0,0,317588,163031,259567,9980,48047
Maryland,2000,14.57343335,45619,5311034,West,83,0,0,1079014,54125,548060,312162,219360
Massachusetts,2000,12.96944681,54736,6361104,Northeast,93,1124,70158.08409,1212799,69458,740425,114658,357743
Michigan,2000,19.49268773,42225,9952450,Midwest,417,6447,396048.7573,2765145,118381,1001551,799800,984345
Minnesota,2000,19.86342074,47577,4933692,Midwest,141,6837,419741.2667,1399806,104661,678058,373775,367461
Mississippi,2000,21.59142494,29166,2848353,West,300,3909,173760.0197,916049,75390,456490,147481,312078
Missouri,2000,22.47076794,41920,5607285,Midwest,212,5056,222294.9669,1652686,23299,678138,688905,289044
Montana,2000,34.74323752,31899,903773,South,256,4348,267427.4719,411968,113792,165647,176779,69590
Nebraska,2000,24.2732609,41761,1713820,Midwest,112,1130,42875.00765,556267,43687,224817,206938,127600
Nevada,2000,22.48926435,49607,2018741,South,192,10113,669604.6119,627032,47142,235957,199339,194126
New Hampshire,2000,14.11424636,44460,1239882,Northeast,42,378,24258.12966,239474,38622,169234,44033,26397
New Jersey,2000,14.7082878,53701,8430621,Northeast,97,2478,181960.2667,1924730,41004,1192866,114734,626484
New Mexico,2000,31.95688127,37773,1821204,South,506,13193,723176.5689,796216,10635,233897,305513,259018
New York,2000,11.18842551,53827,19001780,Northeast,305,3717,208017.4174,3216316,430506,1607968,330844,1279693
North Carolina,2000,18.44928501,42193,8081614,West,122,3414,163971.3019,1935250,139516,911686,786114,240729
North Dakota,2000,79.12489116,35067,642023,Midwest,186,3907,236378.1623,597570,26151,120102,424563,58512
Ohio,2000,23.42579247,42678,11363543,Midwest,651,11291,592839.7351,3608966,98930,1273185,1428454,928425
Oklahoma,2000,29.00677838,34015,3454365,West,1971,25242,1379775.654,1440319,47393,512524,381089,546706
Oregon,2000,12.07099846,38193,3429708,South,139,2320,97329.03318,648953,437858,380453,38700,230965
Pennsylvania,2000,22.5900433,41857,12284173,Northeast,738,16330,887407.0096,3644660,114718,1410463,1508091,727484
Rhode Island,2000,11.14001379,41395,1050268,Northeast,22,0,0,189142,4520,97303,52,91787
South Carolina,2000,20.27720631,36070,4024223,West,51,1729,76925.59271,1070431,92463,473210,432195,165091
South Dakota,2000,18.78694545,35601,755844,Midwest,49,1215,59828.66326,204900,63439,118105,50602,38130
Tennessee,2000,22.44149826,38892,5703719,West,156,4335,191973.2392,1683770,120503,698045,705059,280679
Texas,2000,31.15376501,44432,20944499,West,5340,106075,7255915.429,11914541,101513,5821670,1548184,4550106
Utah,2000,29.04876004,38695,2244502,South,258,7467,443971.9875,844650,16403,269139,403068,173439
Vermont,2000,11.15452628,36622,609618,Northeast,55,0,0,98766,21389,88195,26,10552
Virginia,2000,17.32383482,47313,7105817,West,272,10409,519431.2036,1655409,117055,873849,506961,278198
Washington,2000,14.07661468,50063,5910512,South,171,3081,173171.974,1240107,911497,839072,106240,297569
West Virginia,2000,63.58531528,32144,1807021,West,555,18505,1098282.429,1342561,17408,206845,977817,157926
Wisconsin,2000,20.09676593,41911,5373999,Midwest,150,2685,153522.2785,1498029,115711,603951,499233,397553
Wyoming,2000,127.8575764,50814,494300,South,574,16239,996135.6568,758020,15011,145899,506147,105975
Alabama,2001,29.90397154,33312,4467634,West,205,7353,409010.9746,1722132,252824,537085,842337,344004
Alaska,2001,68.48515261,58547,633714,South,104,9698,1080714.087,718377,17439,289882,15911,413049
Arizona,2001,16.7631337,39170,5273477,South,179,10008,540483.0278,1183282,92736,516845,424023,244424
Arkansas,2001,23.36925164,31685,2691571,West,245,3446,151934.8369,859692,94047,354120,273982,231590
California,2001,11.21827379,47216,34479458,South,777,23068,1463412.48,6172713,615353,3598664,67839,2513856
Colorado,2001,20.9459006,51113,4425687,South,873,12784,927543.6329,1318361,30473,461101,400028,469766
Connecticut,2001,12.14739421,61872,3432835,Northeast,57,576,39202.9723,608724,29933,419491,39991,149350
Delaware,2001,20.23378187,71155,795699,West,20,0,0,228775,1322,138623,38335,51817
District of Columbia,2001,7.136590868,144598,574504,West,4,0,0,64783,864,33465,741,30577
Florida,2001,14.58705728,39445,16356966,West,215,5742,282722.4552,3240134,160073,1944577,725890,569757
Georgia,2001,19.26695331,45181,8377038,West,156,6839,355820.093,2147460,192077,1012795,772021,362695
Hawaii,2001,15.66134942,43778,1225948,South,10,0,0,257856,12469,239948,17774,2920
Idaho,2001,11.81852205,33390,1319962,South,112,1950,103549.5356,248794,104603,155595,11395,81804
Illinois,2001,17.98462499,48849,12488445,Midwest,493,8780,509384.2482,3175628,100649,1260800,983729,970648
Indiana,2001,37.33827696,40138,6127760,Midwest,223,5449,307816.3793,2877572,53115,812208,1569235,513752
Iowa,2001,26.09143188,38988,2931997,Midwest,81,1855,89997.72637,1020468,76676,391183,443921,225233
Kansas,2001,26.57131586,39745,2702162,Midwest,821,7091,331724.3535,1007182,10909,378875,354647,273862
Kentucky,2001,36.67530945,35497,4068132,West,534,18361,986279.0421,1859285,53502,629861,1013055,216707
Louisiana,2001,45.15534712,41302,4477875,West,1190,46547,2937110.864,3562212,136090,1974995,239990,1347228
Maine,2001,17.50030334,36995,1285692,Northeast,28,0,0,337142,146153,228077,7875,101190
Maryland,2001,14.49385648,46792,5374691,West,82,2160,115199.4641,1070902,33274,567294,318851,184976
Massachusetts,2001,12.87976149,55114,6397634,Northeast,92,0,0,1213976,47992,740865,109014,364114
Michigan,2001,18.98686033,40883,9991120,Midwest,411,6224,396875.2792,2696676,99009,987314,789703,928651
Minnesota,2001,19.06560092,47177,4982796,Midwest,143,6676,380631.7635,1351457,107990,673101,353305,345002
Mississippi,2001,24.60572998,28856,2852994,West,287,4518,212423.1261,1019600,56086,480421,198275,340904
Missouri,2001,23.3286097,41346,5641142,Midwest,215,4776,218860.4475,1728611,33112,725840,716378,288617
Montana,2001,35.17240543,32272,906961,South,258,4486,285609.1953,407460,80652,156699,184401,66483
Nebraska,2001,24.94423887,42227,1719836,Midwest,117,1134,47349.56363,566663,43391,218211,226691,124057
Nevada,2001,21.30195449,48733,2098399,South,192,9771,630623.698,617663,46025,250425,188572,181256
New Hampshire,2001,13.46059034,44540,1255517,Northeast,40,0,0,231818,30188,166936,40125,24848
New Jersey,2001,14.25935374,54000,8492671,Northeast,110,2552,180160.2017,1880506,29986,1196289,112207,585826
New Mexico,2001,31.82852994,37915,1831690,South,524,14119,806494.3711,795336,7924,239350,297096,259626
New York,2001,10.88936562,55375,19082838,Northeast,313,3805,260716.3618,3139504,351113,1627998,306993,1205883
North Carolina,2001,17.58804559,42388,8210122,West,119,3492,166958.4838,1874240,131872,906847,756311,215600
North Dakota,2001,80.8998188,35939,639062,Midwest,174,4638,270420.7995,614956,19483,138243,420001,62583
Ohio,2001,22.51610639,41941,11387404,Midwest,668,11921,664410.5499,3459559,68330,1277131,1362828,838022
Oklahoma,2001,29.27518676,35162,3467100,West,2064,29215,1577006.853,1463823,48394,582491,376112,505220
Oregon,2001,11.73608402,37161,3467937,South,132,2218,85562.83108,631983,351507,354502,43365,235636
Pennsylvania,2001,21.50586594,42458,12298970,Northeast,771,16775,926884.6372,3494346,97176,1434606,1392203,669073
Rhode Island,2001,11.63514457,41989,1057142,Northeast,19,196,11817.10014,198529,3898,99908,50,98571
South Carolina,2001,19.68022101,35902,4064995,West,51,1473,66948.627,1043545,70576,481920,414459,147173
South Dakota,2001,17.8106843,36327,757972,Midwest,52,1181,56298.09451,191869,41075,112273,44372,37040
Tennessee,2001,22.03175947,38631,5750789,West,143,4096,184975.4731,1664229,138832,711417,687352,265461
Texas,2001,30.34293948,44784,21319622,West,5481,115834,8373774.023,11696349,102049,5825923,1492977,4384479
Utah,2001,27.58662968,38849,2283715,South,266,7996,458235.7685,812761,12128,262037,384453,167582
Vermont,2001,10.78038558,37618,612223,Northeast,60,0,0,97301,17341,89341,50,8014
Virginia,2001,16.78159559,48194,7198362,West,281,11212,583652.0878,1623928,95664,892831,487601,246654
Washington,2001,13.33172506,48408,5985722,South,170,2964,157403.047,1191573,660961,771735,99441,322413
West Virginia,2001,58.22986754,32263,1801481,West,554,19956,1229523.54,1235368,15165,218672,866590,150543
Wisconsin,2001,19.60481502,42078,5406835,Midwest,155,2464,154891.8376,1461804,128442,611652,494043,363022
Wyoming,2001,128.1696206,53656,494657,South,621,17495,1122343.471,760665,14656,156857,499817,103990
Alabama,2002,30.89224344,34068,4480089,West,216,7357,423191.7647,1799200,253577,564117,845999,389965
Alaska,2002,67.87714237,60101,642337,South,115,7633,798799.6808,714712,18257,277811,16429,420808
Arizona,2002,16.27054318,39323,5396255,South,168,8231,400630.0768,1188639,88265,528059,406479,255247
Arkansas,2002,22.69092995,32514,2705927,West,239,3361,153831.4254,859994,108662,356854,255242,247899
California,2002,11.06910237,47880,34871843,South,691,19569,1207979.99,6098528,684702,3718834,70010,2318656
Colorado,2002,20.22088871,50870,4490406,South,859,12915,937137.1648,1283543,27045,441430,390480,463532
Connecticut,2002,11.59378723,61233,3458749,Northeast,59,636,38190.40069,598625,28633,383046,34206,181671
Delaware,2002,19.7229117,67853,806169,West,18,230,21977.28096,228502,1311,134183,40536,53782
District of Columbia,2002,7.327822346,148686,573158,West,4,0,0,67208,878,33422,99,33688
Florida,2002,14.48826409,40254,16689370,West,221,6627,354371.2815,3323077,176619,1894806,719670,708638
Georgia,2002,19.54572124,44771,8508256,West,144,6765,330384.3561,2208549,283724,1008301,807121,393134
Hawaii,2002,16.53741934,44658,1239613,South,7,0,0,274350,10550,257593,16618,2898
Idaho,2002,11.19092312,33638,1340372,South,109,1721,95733.02155,243884,113187,160207,10194,73482
Illinois,2002,18.09899696,48918,12525556,Midwest,487,9803,581532.6653,3237119,111230,1224322,986832,1063528
Indiana,2002,37.67076724,40969,6155967,Midwest,227,5693,309924.148,2939607,55263,864101,1547530,543346
Iowa,2002,26.27602298,40072,2934234,Midwest,82,1762,80539.63238,1034129,85165,406845,441534,227137
Kansas,2002,28.33941703,40169,2713535,Midwest,804,6795,312809.2103,1062264,19527,365612,391664,307432
Kentucky,2002,36.52923378,36161,4089875,West,528,20956,1070614.53,1871804,65018,686926,950941,236125
Louisiana,2002,46.82844047,41756,4497267,West,1170,44132,2658432.826,3703360,144058,1998903,232109,1475464
Maine,2002,18.5190901,37584,1295960,Northeast,32,0,0,364609,140393,230335,8000,126280
Maryland,2002,14.300448,47714,5440389,West,79,1944,96656.14606,1074775,41120,548507,325834,203538
Massachusetts,2002,12.96514402,55234,6417206,Northeast,88,1254,84402.68188,1235051,46788,712311,118358,404597
Michigan,2002,18.90030762,41907,10015710,Midwest,400,5150,312979.7617,2718364,99468,1004024,739866,984715
Minnesota,2002,19.44635665,47944,5018935,Midwest,143,5230,335137.1355,1387050,103930,673526,360822,374184
Mississippi,2002,21.96817343,29056,2858681,West,304,4437,218390.5082,937857,49642,428969,154339,354550
Missouri,2002,23.33111594,41421,5674825,Midwest,203,4427,195799.0035,1729447,37806,730168,725679,278936
Montana,2002,33.67457635,32851,911667,South,266,4701,273439.2616,399064,108730,161872,166322,70992
Nebraska,2002,24.53289143,42746,1728292,Midwest,124,929,41340.23512,561881,44190,225660,217939,121175
Nevada,2002,19.04506919,48489,2173791,South,178,8202,553858.0125,580595,42511,237867,164775,181010
New Hampshire,2002,13.8682157,45311,1269089,Northeast,45,507,26687.12426,242705,28898,176784,39845,26146
New Jersey,2002,14.21782717,54842,8552643,Northeast,99,2406,152391.8759,1902698,28691,1180843,104849,620750
New Mexico,2002,29.80635571,38421,1855309,South,536,13793,750615.9205,757243,8195,244055,284132,229691
New York,2002,10.54980196,55039,19137800,Northeast,316,3845,250773.8116,3069756,364285,1562280,280584,1227224
North Carolina,2002,17.48696675,42443,8326201,West,115,3342,155745.6564,1892103,130790,883590,770928,243144
North Dakota,2002,80.54305449,37893,638168,Midwest,167,3791,254770.4398,608155,21725,124543,422809,66927
Ohio,2002,23.01039219,42818,11407889,Midwest,631,11430,569753.8827,3532620,55045,1290151,1396899,862535
Oklahoma,2002,29.17674573,35316,3489080,West,2023,26213,1428799.961,1464155,40919,550245,391379,522530
Oregon,2002,11.15720733,37669,3513424,South,131,1592,73193.99427,611330,403576,369663,37751,206813
Pennsylvania,2002,21.9932948,42756,12331031,Northeast,735,16037,885759.4414,3563086,97106,1405740,1457349,700579
Rhode Island,2002,10.97566124,43041,1065995,Northeast,22,0,0,188115,3735,98250,76,89824
South Carolina,2002,19.815984,36341,4107795,West,54,1381,55791.78521,1074619,80640,479450,404455,190717
South Dakota,2002,18.15741691,40062,760020,Midwest,48,950,52958.00762,199403,52262,119964,39957,41536
Tennessee,2002,21.72218448,39514,5795918,West,141,3609,154247.6663,1658245,148359,738649,655906,263691
Texas,2002,30.23928872,44661,21690325,West,5257,115446,8327493.143,11969591,123452,5977151,1550325,4444508
Utah,2002,26.79783123,38764,2324815,South,279,7012,410314.5355,801475,11229,258905,370551,172366
Vermont,2002,10.39903029,38541,615442,Northeast,54,0,0,93027,22714,84603,25,8401
Virginia,2002,16.37190603,47962,7286873,West,258,10256,506852.6075,1605983,82141,861503,482759,266981
Washington,2002,12.0944777,48855,6052349,South,159,2589,145770.1869,1078502,893633,743027,100832,240494
West Virginia,2002,65.19280342,32506,1805414,West,551,21698,1256596.688,1377958,16223,230039,993467,155536
Wisconsin,2002,19.68720123,42694,5445162,Midwest,156,2298,140223.0911,1482040,110895,613101,491990,388007
Wyoming,2002,124.1957773,53921,500017,South,657,16051,1033888.724,748034,12275,150287,480360,117387
Alabama,2003,30.93155954,34855,4503491,West,217,7132,433884.6389,1796405,284707,563460,873735,360505
Alaska,2003,67.2409911,59008,648414,South,111,6916,743449.5412,713898,19598,285679,12552,415891
Arizona,2003,16.26026883,40769,5510364,South,159,7638,407752.0823,1219677,84459,538595,406537,275650
Arkansas,2003,22.79052971,33678,2724816,West,248,3323,168683.7397,865888,107944,357665,253653,254571
California,2003,10.60330508,49501,35253159,South,656,18148,1181663.172,5909544,768779,3572992,69469,2317062
Colorado,2003,19.91727486,50743,4528732,South,855,12402,989522.174,1288997,28796,465004,394163,442361
Connecticut,2003,12.28354556,61419,3484336,Northeast,57,647,42801.27439,633749,33004,436371,41864,157310
Delaware,2003,20.17107517,67956,818003,West,14,0,0,231638,1397,136670,46997,47978
District of Columbia,2003,6.860134177,152623,568502,West,7,0,0,63672,923,29798,173,33700
Florida,2003,14.46123093,40983,17004085,West,223,6225,350172.5254,3371725,191074,1933067,723832,714826
Georgia,2003,19.63400954,45453,8622793,West,134,6450,327887.3137,2244135,221690,1034344,819031,390774
Hawaii,2003,17.18413561,46437,1251154,South,9,0,0,287667,13429,269486,18044,2861
Idaho,2003,10.56198565,34034,1363380,South,108,1566,81372.68523,222398,108866,140425,10219,71754
Illinois,2003,18.32589121,49495,12556006,Midwest,481,9561,584743.9411,3251729,126791,1272797,1010087,1013464
Indiana,2003,38.35951043,42099,6196638,Midwest,220,5497,323769.4069,3024153,57435,897747,1570700,572890
Iowa,2003,26.03671857,41665,2941999,Midwest,80,1775,84968.12756,1018527,93612,385173,444587,230851
Kansas,2003,28.86517978,40944,2723004,Midwest,799,6968,338962.8622,1095135,21890,424414,389464,284722
Kentucky,2003,35.2912316,36731,4117170,West,515,17768,946397.8579,1820496,70460,650340,943652,231486
Louisiana,2003,45.8080239,43275,4521042,West,1136,43262,2924078.9,3561398,152583,1964209,247978,1353179
Maine,2003,18.06334878,38136,1306513,Northeast,30,0,0,346829,132354,265831,7481,73523
Maryland,2003,14.66449331,48471,5496269,West,74,1812,86902.87904,1105086,54157,571171,329590,204511
Massachusetts,2003,13.15673722,56380,6422565,Northeast,94,1331,88121.57422,1255558,50403,731288,109373,415303
Michigan,2003,18.57356606,42581,10041152,Midwest,390,5482,344164.1832,2668035,112614,982234,747940,950714
Minnesota,2003,20.10459137,49769,5053572,Midwest,140,5207,293378.9976,1436926,107490,695409,390691,374231
Mississippi,2003,22.45222974,30139,2868312,West,298,0,0,935258,45347,481163,178949,275147
Missouri,2003,24.38083281,42043,5709403,Midwest,195,3984,185695.3249,1800742,34636,747467,795634,266204
Montana,2003,35.66651806,33848,919630,South,255,4486,275935.9127,416250,100453,157326,188981,70048
Nebraska,2003,25.01951234,44904,1738643,Midwest,113,829,37297.90353,576480,45527,232603,227290,119754
Nevada,2003,19.38768704,49271,2248850,South,171,8186,580523.4073,613060,37194,243032,182553,191050
New Hampshire,2003,16.33016627,46621,1279840,Northeast,40,395,23608.86621,298382,29851,200334,41633,56475
New Jersey,2003,14.31162036,55897,8601402,Northeast,90,2156,153546.2627,1889588,26720,1147132,106857,636180
New Mexico,2003,30.6778854,39578,1877574,South,538,13511,739455.2531,779479,8755,249130,305641,225220
New York,2003,11.0711658,54756,19175939,Northeast,310,3695,220538.3449,3178478,359273,1762860,286179,1131362
North Carolina,2003,17.39388336,42871,8422501,West,114,3512,166974.0678,1899946,188854,908236,771618,227387
North Dakota,2003,79.83507014,40213,638817,Midwest,158,4175,258721.406,598766,24177,122791,420832,61455
Ohio,2003,23.62964665,43445,11434788,Midwest,624,9442,486069.283,3627474,63575,1321681,1443498,878930
Oklahoma,2003,29.6728116,35780,3504892,West,2037,26823,1563938.111,1496091,41958,545995,393790,556306
Oregon,2003,11.1631809,38870,3547376,South,128,1595,72676.21638,618274,386743,360492,44884,215107
Pennsylvania,2003,22.21475535,43553,12374658,Northeast,725,18007,1078356.306,3627653,110544,1448772,1461986,717593
Rhode Island,2003,10.73420066,44625,1071342,Northeast,22,0,0,183493,3826,103091,101,80339
South Carolina,2003,19.7335275,37283,4150297,West,55,1436,60893.94137,1067823,103797,496257,419663,151920
South Dakota,2003,17.9383001,40909,763729,Midwest,55,1003,49753.08488,199433,57210,114577,43017,43925
Tennessee,2003,21.20451205,40463,5847812,West,139,2986,131819.6683,1643706,184192,756474,621425,265807
Texas,2003,29.47219979,44330,22030931,West,5187,115092,8190600.723,11808273,117444,6029105,1603971,4177143
Utah,2003,26.69336568,39094,2360137,South,292,6846,399572.247,819158,10520,276712,379185,163527
Vermont,2003,10.68206611,39886,617858,Northeast,51,0,0,95595,24054,87130,25,8451
Virginia,2003,16.75042558,49191,7366977,West,245,9954,511348.1698,1671416,110947,941777,464353,272436
Washington,2003,12.3195582,49149,6104115,South,159,2647,151192.8399,1097636,834731,729216,118207,255839
West Virginia,2003,63.01402366,32396,1812295,West,514,20283,1199943.6,1325468,21237,213111,978415,135367
Wisconsin,2003,19.19987268,43568,5479203,Midwest,153,2656,156920.1241,1466590,118277,589640,488239,397869
Wyoming,2003,127.1220948,54930,503453,South,675,16824,1069476.741,773608,11635,159278,493897,120433
Alabama,2004,31.25324865,36702,4530729,West,216,6670,413171.6862,1856239,293223,612913,853917,391927
Alaska,2004,70.83420549,60137,659286,South,110,7058,715250.9122,756177,18857,334599,14075,407944
Arizona,2004,17.09007353,41063,5652404,South,178,8037,433673.6551,1340408,82765,559794,425413,356264
Arkansas,2004,22.69350028,34936,2749686,West,258,3706,183087.8519,849511,112946,361380,270210,217921
California,2004,11.02472732,51520,35574576,South,654,18779,1356229.32,6204346,769093,3745373,68909,2462247
Colorado,2004,20.37152681,50083,4575013,South,871,13572,1108472.588,1322498,29097,498335,390186,446103
Connecticut,2004,12.75709406,65034,3496094,Northeast,64,867,68735.88308,661553,43007,464459,43997,166057
Delaware,2004,19.9806693,69500,830803,West,27,0,0,230854,1430,127533,53599,49739
District of Columbia,2004,7.045304833,160065,567754,West,6,0,0,64390,940,30552,741,33097
Florida,2004,14.7743498,41736,17415318,West,222,6211,338631.152,3552925,182608,2096203,699055,757672
Georgia,2004,19.89907463,46599,8769252,West,135,6448,333828.2035,2321866,226770,1080440,834991,406441
Hawaii,2004,17.66688731,48373,1273569,South,8,125,8093.121556,300992,13919,282923,17913,2907
Idaho,2004,11.20849086,34665,1391802,South,119,0,0,247182,112076,156574,12336,78273
Illinois,2004,18.84863214,50479,12589773,Midwest,489,9136,542214.1585,3312716,126026,1321017,1069538,966552
Indiana,2004,38.1677736,43143,6233007,Midwest,219,5652,330225.7081,3006306,57973,876961,1614210,531441
Iowa,2004,26.71284705,44605,2953635,Midwest,75,1947,101558.1134,1057896,111196,426027,443221,227500
Kansas,2004,27.64802022,40748,2734373,Midwest,819,7744,371376.1535,1059341,19515,414073,385498,260117
Kentucky,2004,36.61271156,37463,4146101,West,523,18134,1024072.892,1900199,71092,709342,961759,233361
Louisiana,2004,47.84459863,44706,4552238,West,1114,42210,2858893.486,3722004,189669,2076168,256716,1393140
Maine,2004,18.26917807,39089,1313688,Northeast,26,0,0,357353,136781,260436,7336,89581
Maryland,2004,14.71082679,50547,5546935,West,71,1798,89294.63784,1119642,53456,590627,327239,201929
Massachusetts,2004,12.92831677,57699,6412281,Northeast,89,1389,98710.87006,1225441,51759,737435,105075,383708
Michigan,2004,18.77613978,42384,10055315,Midwest,394,5478,330941.21,2693277,118099,994136,773825,938628
Minnesota,2004,19.81243832,51256,5087713,Midwest,131,5061,364185.9272,1430093,114684,711179,378775,362418
Mississippi,2004,22.81058217,30509,2889010,West,284,3840,196765.2955,956258,61253,480755,184992,290512
Missouri,2004,24.42698792,42643,5747741,Midwest,185,3841,192544.97,1820898,44032,753136,807466,269224
Montana,2004,36.98888935,34870,930009,South,272,4978,318630.0344,440391,101636,176336,195620,68567
Nebraska,2004,24.75176778,45488,1749370,Midwest,122,0,0,573534,52083,236890,223624,116045
Nevada,2004,20.33055695,52310,2346222,South,168,9256,679115.7946,675588,38043,263973,193634,221648
New Hampshire,2004,16.97515194,47472,1290121,Northeast,43,0,0,312854,34927,205579,43446,63924
New Jersey,2004,14.58093816,56261,8634561,Northeast,90,2473,167627.3322,1922599,27514,1165925,112707,645017
New Mexico,2004,30.83294114,41558,1903808,South,556,15508,848145.7376,794602,11711,256575,309418,229164
New York,2004,11.21452409,56259,19171567,Northeast,318,4046,238655.0928,3227652,383244,1848945,276470,1126605
North Carolina,2004,17.50231961,43866,8553152,West,119,3358,174203.1354,1946711,147620,939621,782692,232214
North Dakota,2004,76.77930216,40099,644705,Midwest,159,4055,288355.218,587994,24081,134046,398381,61245
Ohio,2004,23.12209189,44434,11452251,Midwest,627,9601,493913.237,3558113,66661,1319805,1391290,862912
Oklahoma,2004,28.36691929,36634,3525233,West,2083,28089,1748888.815,1455006,62062,527640,372093,555273
Oregon,2004,11.40227536,42196,3569463,South,130,0,0,643204,387020,371016,36460,238052
Pennsylvania,2004,22.38387098,44585,12410722,Northeast,701,19282,1163493.549,3673927,117865,1483879,1474310,723325
Rhode Island,2004,10.14350736,46310,1074579,Northeast,25,0,0,172889,4532,99149,76,74352
South Carolina,2004,21.23050991,37124,4210921,West,55,1305,58663.20625,1173494,97433,570109,433868,169519
South Dakota,2004,17.91286559,42046,770396,Midwest,53,981,50330.44834,198542,60227,115141,43562,41762
Tennessee,2004,21.31687896,41777,5910809,West,139,2746,125143.5548,1652678,179816,765912,648005,238761
Texas,2004,28.69515674,45691,22394023,West,5360,119608,8509485.744,11880701,123168,6217190,1626029,4039787
Utah,2004,27.23207222,40089,2401580,South,309,6578,433831.5198,841464,10713,277735,399704,164154
Vermont,2004,11.29177958,41165,619920,Northeast,55,0,0,104101,22041,95367,25,8720
Virginia,2004,17.02879043,50400,7475575,West,237,10101,553370.3096,1734492,117971,1003459,452557,285757
Washington,2004,12.47846413,49407,6178645,South,156,2822,164205.4159,1132016,819486,751792,112539,269572
West Virginia,2004,61.27376767,32862,1816438,West,499,20505,1231327.673,1296909,20763,232018,937062,129358
Wisconsin,2004,19.51387244,44455,5514026,Midwest,147,3508,230822.0505,1491919,108646,615421,499212,385999
Wyoming,2004,125.5141365,55848,509106,South,695,17976,1136529.349,765533,14033,153129,500526,111878
Alabama,2005,31.35801199,37578,4569805,West,218,7427,445622.8986,1860797,279774,607467,890098,363398
Alaska,2005,71.96984464,61125,666946,South,102,6780,681736.6306,781037,16659,333131,13994,434704
Arizona,2005,16.56083658,43018,5839077,South,178,8882,487015.4675,1332032,92475,588023,428445,329302
Arkansas,2005,21.6461346,35649,2781097,West,269,3999,209984.8171,822384,112562,358711,247169,216600
California,2005,10.86861169,53320,35827943,South,657,19651,1560113.503,6115996,819700,3823079,67422,2304463
Colorado,2005,20.59635293,51473,4631888,South,927,16191,1348289.798,1355314,35535,493925,386670,483960
Connecticut,2005,12.57500807,66032,3506956,Northeast,59,911,68091.60513,657592,29229,447828,42023,171429
Delaware,2005,20.58806129,67525,845150,West,23,0,0,240843,1878,136415,56716,48639
District of Columbia,2005,6.876657451,163100,567136,West,5,0,0,63369,260,28892,939,33753
Florida,2005,14.60595477,43326,17842038,West,217,5588,315893.3744,3609979,190870,2136625,672309,805446
Georgia,2005,20.72615019,47610,8925922,West,130,6494,364545.928,2450179,218385,1123714,901010,427825
Hawaii,2005,17.7918187,50145,1292729,South,8,0,0,310623,14290,295104,16506,2898
Idaho,2005,11.06255877,35895,1428241,South,130,2071,115151.3342,249247,122255,161013,11286,78118
Illinois,2005,19.33401074,51237,12609903,Midwest,497,9934,611089.9151,3426160,107799,1436229,1047532,984187
Indiana,2005,37.71531815,42826,6278616,Midwest,209,5591,330411.147,2990349,63432,873127,1594399,540671
Iowa,2005,26.58162346,45554,2964454,Midwest,70,1942,100568.7501,1071089,124650,433490,429777,242788
Kansas,2005,26.26307736,41736,2745299,Midwest,878,8004,418604.1989,980598,22795,344672,379823,258695
Kentucky,2005,36.79404563,38205,4182742,West,554,20198,1180670.82,1925961,74396,708378,986263,240869
Louisiana,2005,46.01641208,47004,4576628,West,1125,44247,3014113.03,3602529,151485,1981681,253518,1367497
Maine,2005,17.51609623,38961,1318787,Northeast,30,0,0,335943,160070,264446,7059,64818
Maryland,2005,14.93103382,51960,5592379,West,74,1999,96985.4439,1145584,48535,609336,329304,212230
Massachusetts,2005,13.19634126,58776,6403290,Northeast,88,1400,101193.7964,1243449,46903,743882,119333,386385
Michigan,2005,18.96302876,42919,10051137,Midwest,394,5464,359679.5742,2707276,130668,997937,799463,927535
Minnesota,2005,19.90390652,52246,5119598,Midwest,133,5372,409787.64,1453089,123122,719289,379114,372239
Mississippi,2005,22.09265633,30813,2905943,West,289,4246,236063.201,943241,62798,456358,176286,310713
Missouri,2005,24.74828593,42806,5790300,Midwest,174,4257,201610.9535,1852077,54315,752881,835663,273401
Montana,2005,37.76185988,36120,940102,South,281,5552,357024.5003,453599,114892,183918,199495,71089
Nebraska,2005,24.80844418,46062,1761497,Midwest,117,943,41321.16637,577874,51512,230597,228667,120141
Nevada,2005,20.51688573,54790,2432143,South,186,9483,626181.1046,709629,38201,279472,197799,236007
New Hampshire,2005,16.40364361,48357,1298492,Northeast,45,326,20772.63016,307662,42479,191742,44169,73022
New Jersey,2005,15.09482114,56768,8651974,Northeast,90,2305,151105.2308,1977285,29246,1236161,125332,625881
New Mexico,2005,30.68922937,41193,1932274,South,579,15516,917856.9536,798068,23501,255844,317916,225352
New York,2005,11.05965156,58502,19132610,Northeast,312,4095,258011.2259,3172408,373646,1816376,256879,1107220
North Carolina,2005,17.6901551,45042,8705407,West,121,3518,190123.9417,1997622,147441,950308,811939,237525
North Dakota,2005,81.1033774,41272,646089,Midwest,171,4368,300563.8105,617490,22657,138552,431133,54960
Ohio,2005,23.70168503,44684,11463320,Midwest,656,10051,544212.1522,3623658,73229,1300588,1481045,861477
Oklahoma,2005,30.18094193,37662,3548597,West,2213,31155,2086187.228,1556469,64934,562681,397379,600011
Oregon,2005,11.37495219,42558,3613202,South,129,0,0,650003,368091,378770,35624,239539
Pennsylvania,2005,22.57833139,45035,12449990,Northeast,716,17451,994691.5182,3710001,108990,1504789,1490836,719255
Rhode Island,2005,10.48771626,47176,1067916,Northeast,25,0,0,179787,1915,98286,76,82460
South Carolina,2005,20.58475698,37397,4270150,West,55,1266,61194.12524,1157282,105436,549113,431086,178397
South Dakota,2005,17.15038047,42762,775493,Midwest,53,0,0,198161,61421,120695,36952,42853
Tennessee,2005,21.24833731,41868,5991057,West,135,2768,132432.9321,1679403,173789,795166,657711,238400
Texas,2005,27.153247,45966,22778123,West,5635,126966,9965279.9,11286024,138965,6038413,1627863,3621139
Utah,2005,27.30173791,41657,2457719,South,359,7753,523651.5325,862094,15758,289925,405546,168770
Vermont,2005,10.94629074,41588,621215,Northeast,48,0,0,99033,24493,90777,25,8406
Virginia,2005,17.05136724,52305,7577105,West,231,10088,619776.8511,1769449,132442,1005043,458452,311736
Washington,2005,12.54533701,51956,6257305,South,158,2983,171776.799,1153564,815046,776443,112284,272167
West Virginia,2005,62.29085324,33628,1820492,West,506,23040,1460494.956,1316091,28724,231838,959657,124984
Wisconsin,2005,19.99579529,45131,5546166,Midwest,150,3555,261500.0611,1535462,144897,611542,522521,415583
Wyoming,2005,123.1141461,57642,514157,South,725,19443,1299187.958,759172,19272,155920,490940,112863
Alabama,2006,31.47560986,37735,4628981,West,222,7975,465786.857,1900475,266317,611905,886678,402044
Alaska,2006,67.82150801,64349,675302,South,100,7583,819763.3294,732217,14095,342314,14981,375719
Arizona,2006,16.56952458,44086,6029141,South,172,10030,561404.806,1380388,95858,597715,431985,365230
Arkansas,2006,22.00753359,35803,2821761,West,290,5017,286596.3175,856790,100099,359087,256907,240885
California,2006,11.03794371,54842,36021202,South,680,21285,1727856.096,6232667,898553,3867746,67017,2375929
Colorado,2006,20.42189863,51515,4720423,South,1035,19597,1640968.611,1360715,42167,510857,394348,465259
Connecticut,2006,11.65613824,67458,3517460,Northeast,51,1137,80188.52461,613685,35734,402053,45722,175963
Delaware,2006,18.85325649,67857,859268,West,17,196,16283.95424,224177,3597,125501,56625,44788
District of Columbia,2006,5.607335797,164366,570681,West,6,0,0,52330,607,23119,0,29775
Florida,2006,14.26213148,43926,18166990,West,232,5582,323518.8163,3634166,195679,2026748,696215,917468
Georgia,2006,19.93269194,47013,9155813,West,135,6594,376498.6008,2416683,210663,1093452,892732,433924
Hawaii,2006,17.78991259,50631,1309731,South,9,0,0,311836,15552,296907,16102,2914
Idaho,2006,10.7580401,36931,1468669,South,135,2202,131335.8055,252733,147637,166608,8212,79041
Illinois,2006,18.62550128,52486,12643955,Midwest,492,10164,610910.0701,3284570,103664,1373002,1045398,908302
Indiana,2006,37.10915571,43279,6332669,Midwest,226,5882,346978.4798,2948043,54445,874614,1587100,504740
Iowa,2006,26.85536725,45908,2982644,Midwest,67,1964,95799.92238,1080308,142213,440613,435187,241316
Kansas,2006,26.20405649,43593,2762931,Midwest,929,9810,513039.2697,985347,27870,354472,364212,269274
Kentucky,2006,37.2105017,38856,4219239,West,570,22665,1301491.477,1941105,69121,710543,1023263,217169
Louisiana,2006,51.85158501,49164,4302665,West,1227,49273,3591016.294,3746719,149628,2134970,265214,1346690
Maine,2006,16.09224407,39288,1323619,Northeast,31,0,0,309570,152922,235957,6618,67557
Maryland,2006,13.71867163,52697,5627367,West,72,1814,86766.16943,1053010,59327,552897,324657,189221
Massachusetts,2006,11.93432099,59706,6410084,Northeast,82,1247,82439.2476,1139143,62090,665452,112173,378078
Michigan,2006,17.8755034,42206,10036081,Midwest,395,5937,362189.7491,2518412,129277,946406,773595,816993
Minnesota,2006,19.23093683,51598,5163555,Midwest,130,5025,391209.7093,1410901,127801,697917,370814,358211
Mississippi,2006,22.82289229,31513,2904978,West,299,4240,253823.024,975965,63186,470108,190057,315909
Missouri,2006,24.28670013,42792,5842704,Midwest,182,3989,200838.9828,1824405,42583,747255,829054,258004
Montana,2006,37.4727614,36769,952692,South,296,5863,418565.3052,463827,123310,195464,194307,75135
Nebraska,2006,24.99022673,47056,1772693,Midwest,119,935,40621.55935,588021,54678,230641,227444,131443
Nevada,2006,16.45090218,54797,2522658,South,199,10610,758129.7013,633243,41965,294952,84225,257595
New Hampshire,2006,14.82739461,48857,1308389,Northeast,41,0,0,277415,35996,170847,44807,64738
New Jersey,2006,14.22357028,57666,8661679,Northeast,89,2384,157357.9943,1858689,47668,1201779,116093,566905
New Mexico,2006,30.52793969,41206,1962137,South,621,18067,1127601.577,812327,28082,269457,316221,227661
New York,2006,10.11273131,59961,19104631,Northeast,310,4334,276917.6766,2934346,399772,1578811,256345,1120200
North Carolina,2006,16.664293,46408,8917270,West,114,3430,169120.2833,1927390,139724,922423,777871,230169
North Dakota,2006,78.06942173,42762,649422,Midwest,181,5084,379312.2706,601558,25258,138487,414838,55683
Ohio,2006,23.08118489,44532,11481213,Midwest,649,9853,516862.8384,3512572,75760,1311503,1450797,771312
Oklahoma,2006,30.68927044,39391,3594090,West,2387,36961,3024238.486,1614136,53930,588937,384418,644381
Oregon,2006,10.97828506,45752,3670883,South,142,1939,100558.8979,638117,437558,385903,26895,229731
Pennsylvania,2006,21.9809926,45021,12510809,Northeast,774,18290,1101935.886,3615893,117731,1442364,1499292,684824
Rhode Island,2006,9.87681263,48259,1063096,Northeast,24,0,0,169108,5384,93317,49,78517
South Carolina,2006,20.33114058,37326,4357847,West,63,1282,62723.33987,1166364,100424,554054,432220,181973
South Dakota,2006,17.11294415,42825,783033,Midwest,64,911,49765.98614,196812,71273,118570,39570,40861
Tennessee,2006,21.28510112,42177,6088766,West,128,3347,144604.9615,1693741,150839,799055,677174,230047
Texas,2006,26.94397759,47595,23359580,West,6055,143843,12133474.18,11294039,189865,6176519,1610301,3544789
Utah,2006,27.08367072,44004,2525507,South,383,9054,631544.3579,891352,15015,312508,382757,197894
Vermont,2006,10.75627878,41754,622892,Northeast,55,0,0,96907,27837,89052,27,8064
Virginia,2006,15.97659546,52866,7673725,West,230,11292,685111.5651,1676563,133228,973890,433606,283497
Washington,2006,11.99230295,52900,6370753,South,169,3294,201547.7211,1136223,936325,804080,69150,271034
West Virginia,2006,62.20211914,34009,1827912,West,529,24572,1550199.028,1321709,28825,237063,958880,126316
Wisconsin,2006,18.48447062,45515,5577655,Midwest,148,3857,266025.88,1429893,140171,603496,462732,376559
Wyoming,2006,122.6402279,63428,522667,South,760,24572,1742302.226,769251,19518,167552,489325,112929
Alabama,2007,31.5439861,37522,4672840,West,206,8033,458734.7424,1921310,228650,602699,888436,430649
Alaska,2007,64.67734823,67228,680300,South,102,10593,969108.3136,708067,15011,323194,13662,372186
Arizona,2007,16.52160674,44168,6167681,South,181,11112,620585.7959,1413047,97763,588718,438524,401992
Arkansas,2007,22.25615642,35205,2848650,West,304,6364,344518.2243,865015,121035,360655,275037,229610
California,2007,11.10611161,55154,36250311,South,669,29846,1895668.682,6335056,708754,3882835,66495,2467545
Colorado,2007,20.60839307,52094,4803868,South,1101,28433,1886948.221,1415864,50634,520235,388586,519918
Connecticut,2007,11.39691603,70096,3527270,Northeast,55,2052,88091.34941,601249,36222,389865,39931,183604
Delaware,2007,19.61573802,66344,871749,West,17,242,30665.43715,233751,4945,123407,63839,49937
District of Columbia,2007,5.919178836,167668,574404,West,5,49,4112.936959,55945,728,22269,502,33856
Florida,2007,13.9809565,43506,18367842,West,227,6048,333208.9411,3606057,204322,1950479,720824,943845
Georgia,2007,19.79681685,46374,9349988,West,126,6409,318428.2355,2444428,205633,1059498,934773,455223
Hawaii,2007,18.31759363,51245,1315675,South,8,161,10565.33315,320997,17024,305441,17107,2956
Idaho,2007,10.82980922,37080,1505105,South,135,2951,144473.2482,256903,127363,164615,10261,83904
Illinois,2007,19.14796517,52856,12695866,Midwest,487,11468,571685.8209,3387690,123048,1361679,1091382,980075
Indiana,2007,36.75779622,44145,6379599,Midwest,206,6564,370951.7339,2951877,66033,852413,1572084,547583
Iowa,2007,28.47414588,47504,2999212,Midwest,64,1887,85915.37295,1152356,176011,427601,465167,296207
Kansas,2007,28.77377384,45313,2783785,Midwest,935,12021,570897.3787,1092737,35429,409730,396333,291695
Kentucky,2007,36.85978154,38159,4256672,West,546,22015,1231810.651,1948362,64551,703709,1020709,236003
Louisiana,2007,51.99309532,46878,4375581,West,1229,58526,3693840.582,3819414,150515,2139483,249800,1430621
Maine,2007,15.82469255,38946,1327040,Northeast,28,126,5186.956724,307499,156451,234493,6583,67227
Maryland,2007,13.70854536,52646,5653408,West,73,1686,88000.29571,1068845,58020,549593,327979,208693
Massachusetts,2007,12.42311545,60955,6431559,Northeast,77,1464,69073.54279,1187959,59451,670055,120168,418922
Michigan,2007,18.1876647,41925,10001284,Midwest,374,6366,375783.7881,2537854,139673,944584,801178,814887
Minnesota,2007,19.35780111,51351,5207203,Midwest,124,5992,399411.1882,1442273,150571,700688,366208,395714
Mississippi,2007,23.35786364,32041,2928350,West,316,5590,289872.554,1021664,63934,461954,185063,374990
Missouri,2007,23.89763456,42561,5887612,Midwest,171,3997,182338.1358,1813089,60857,745884,802879,277987
Montana,2007,38.975605,38063,964706,South,294,7837,461573.9622,484247,119558,208512,202480,75077
Nebraska,2007,25.00785,47501,1783440,Midwest,113,1009,46000.74247,600031,63430,232350,216872,153523
Nevada,2007,16.03185148,52818,2601072,South,202,14908,884579.4402,631726,42133,290571,82871,262547
New Hampshire,2007,14.62812562,48618,1312540,Northeast,41,427,18208.67034,275050,38399,168877,44899,64866
New Jersey,2007,15.09584421,57860,8677885,Northeast,87,1960,105710.2401,1995302,52882,1275617,111799,640629
New Mexico,2007,29.69744783,40694,1990070,South,611,19537,1150483.143,814542,31588,279924,296067,239858
New York,2007,10.4326001,60018,19132335,Northeast,300,5115,264696.2063,3037604,390014,1591215,258450,1214362
North Carolina,2007,16.93346934,45440,9118037,West,112,3178,152022.4276,1995167,117236,927230,827974,244475
North Dakota,2007,80.42008388,44385,652822,Midwest,200,7000,445638.5303,617812,31570,142422,420719,62188
Ohio,2007,23.49469604,44399,11500468,Midwest,650,10512,518740.1645,3585642,82153,1312026,1463773,836185
Oklahoma,2007,30.12919233,39716,3634349,West,2391,49269,3117090.934,1614875,81356,571232,373217,677472
Oregon,2007,11.73968419,46504,3722417,South,124,2350,103744.308,680928,401467,380807,45461,260240
Pennsylvania,2007,22.12682219,46330,12563937,Northeast,771,21074,1162557.07,3677314,119312,1419352,1491907,780240
Rhode Island,2007,10.49829048,47137,1057315,Northeast,24,262,12331.56797,177490,6345,90777,39,90259
South Carolina,2007,19.98150361,37724,4444110,West,69,1302,60184.42545,1160953,97703,537401,444046,182201
South Dakota,2007,17.55886325,44017,791623,Midwest,59,1169,51234.26075,205081,69248,120595,33256,54100
Tennessee,2007,20.8720366,41172,6175727,West,143,4357,174447.505,1677048,125736,790796,672766,229520
Texas,2007,26.27981062,48954,23831983,West,6123,214750,12965274.81,11212346,245485,6030305,1609155,3626526
Utah,2007,27.10041705,45293,2597746,South,409,11302,680266.3219,922340,14162,302950,391386,231125
Vermont,2007,10.42533774,41472,623481,Northeast,51,0,42463.09934,95797,19003,87230,34,8876
Virginia,2007,16.50109663,52657,7751000,West,218,10262,533145.2735,1749424,135643,978988,458200,331110
Washington,2007,12.64395264,55348,6461587,South,160,4488,220614.8344,1196576,893317,831532,95737,279429
West Virginia,2007,63.19341,33892,1834052,West,529,27865,1684671.395,1343488,26792,236451,983259,124555
Wisconsin,2007,18.67834657,45464,5610775,Midwest,138,3280,168541.431,1454889,141103,601865,465083,403947
Wyoming,2007,124.3278816,65471,534876,South,764,26984,1783370.5,810531,18888,170572,494955,145985
Alabama,2008,29.58751695,36976,4718206,West,206,7672,474852.5486,1824747,237139,571400,842826,414260
Alaska,2008,57.3128423,67527,687455,South,111,8803,929649.7046,635787,14630,278859,14705,343938
Arizona,2008,16.28886997,41800,6280362,South,177,10975,756179.078,1412471,112256,563277,458727,409966
Arkansas,2008,22.33389945,34957,2874554,West,346,7302,458277.7287,873000,125677,358032,278849,238424
California,2008,10.53973468,54454,36604337,South,666,22698,1940597.137,6098017,682506,3645452,63050,2472612
Colorado,2008,19.83749614,51651,4889730,South,1183,25878,2383963.108,1381399,77389,494870,385416,514880
Connecticut,2008,10.63296009,68777,3545579,Northeast,54,876,60767.03254,555629,36571,350733,45188,169802
Delaware,2008,18.32840427,62535,883874,West,11,186,16468.20062,223597,5776,115779,60891,49752
District of Columbia,2008,5.342653679,170687,580236,West,2,0,0,51661,549,18991,391,32774
Florida,2008,12.8728922,41241,18527305,West,227,6313,394616.0315,3384799,248966,1768655,693161,970038
Georgia,2008,18.1381218,44239,9504843,West,123,5808,308207.5512,2270680,198186,975818,885849,436093
Hawaii,2008,14.56223592,50833,1332213,South,9,235,19502.36719,257548,19557,242490,18095,2817
Idaho,2008,10.16737056,36691,1534320,South,132,2907,175712.6217,251986,132818,155140,8604,90550
Illinois,2008,18.94557779,51406,12747038,Midwest,489,8735,534906.1285,3384723,154029,1320001,1103163,1014508
Indiana,2008,35.82987564,43515,6424806,Midwest,201,6099,373178.5735,2893709,97877,802249,1558078,558591
Iowa,2008,29.56840079,46413,3016734,Midwest,64,1684,84081.78769,1209120,212379,434715,485218,329030
Kansas,2008,26.60184411,46050,2808076,Midwest,975,11070,618238.5917,1014707,57580,359493,371804,292523
Kentucky,2008,35.99169953,37875,4289878,West,568,22359,1385701.381,1905673,70366,662981,1024816,233180
Louisiana,2008,51.85335151,46578,4435586,West,1247,52052,3799303.663,3842130,113478,2213959,262470,1369823
Maine,2008,14.35540834,38508,1330509,Northeast,27,0,6030.468335,282683,186727,206393,5908,74494
Maryland,2008,12.98161026,52877,5684965,West,68,1603,82361.92841,1020565,60086,523903,309294,202931
Massachusetts,2008,11.85660709,60723,6468967,Northeast,83,1253,95458.16855,1145441,60450,640945,106897,415260
Michigan,2008,17.6336541,39863,9946889,Midwest,361,5727,369724.9047,2436176,157589,869921,799969,797534
Minnesota,2008,19.11561958,51234,5247018,Midwest,128,5270,419161.3928,1439665,177344,666845,359359,435134
Mississippi,2008,22.01637421,33128,2947806,West,341,5369,345087.8708,964633,49886,426046,177166,364237
Missouri,2008,23.17723614,43118,5923916,Midwest,168,4386,243769.6255,1768269,83048,696726,792918,298427
Montana,2008,37.791308,37636,976415,South,314,6834,476987.9243,473582,125401,194966,203260,77645
Nebraska,2008,25.94108812,47770,1796378,Midwest,112,884,44130.43318,627601,84134,224859,234654,172886
Nevada,2008,15.41284957,49286,2653630,South,211,11447,974069.106,623335,44726,266230,88619,274915
New Hampshire,2008,14.2107415,47842,1315906,Northeast,40,312,19818.23938,275624,43608,165065,40241,74025
New Jersey,2008,14.78575012,57784,8711090,Northeast,81,1591,101721.8044,1950974,50731,1245935,97671,635200
New Mexico,2008,28.05046298,41207,2010662,South,620,18549,1199963.555,779600,36355,245212,284346,252831
New York,2008,9.889427868,58532,19212436,Northeast,289,4678,267626.4452,2917269,426864,1517710,228985,1205144
North Carolina,2008,16.02672725,45567,9309449,West,106,3371,151395.4456,1930539,167087,910508,794693,249654
North Dakota,2008,80.44783133,48379,657569,Midwest,220,6203,493830.7872,622446,42795,139967,424615,65746
Ohio,2008,22.88241884,43548,11515391,Midwest,644,9663,528107.4032,3496915,114480,1270454,1438432,823936
Oklahoma,2008,30.58073969,40048,3668976,West,2524,47517,3631554.608,1644119,86860,554234,391688,711379
Oregon,2008,11.35655661,48508,3768748,South,121,1905,101387.9962,672998,418368,366737,41408,274659
Pennsylvania,2008,21.39977014,46862,12612285,Northeast,809,21052,1301577.743,3583247,145077,1413877,1421091,778379
Rhode Island,2008,10.14215125,45746,1055003,Northeast,24,201,10661.93179,180980,6263,93092,0,91220
South Carolina,2008,19.09915575,36834,4528996,West,70,1220,53871.65236,1125231,106704,518602,445454,175858
South Dakota,2008,18.77055376,45516,799124,Midwest,59,1062,64996.92978,221557,81741,116313,43098,65453
Tennessee,2008,19.60812247,40949,6247411,West,147,4052,199111.0779,1598539,149002,738176,643796,238441
Texas,2008,24.29960312,48282,24309039,West,6401,181505,15759942.45,10556714,346784,5361112,1605925,3653462
Utah,2008,26.09810107,43375,2663029,South,415,10514,729228.3052,912984,17739,283466,395878,237414
Vermont,2008,9.452840739,41764,624151,Northeast,46,0,0,86292,28816,79394,0,8667
Virginia,2008,14.89756298,51985,7833496,West,209,10671,601060.9242,1598053,140796,895586,415102,310740
Washington,2008,12.00811127,54939,6562231,South,158,3298,224299.1445,1170135,896971,786115,94601,307085
West Virginia,2008,60.69629573,34679,1840310,West,521,28934,2014288.026,1297325,33521,226341,955628,119617
Wisconsin,2008,18.6491889,44622,5640996,Midwest,134,2575,173234.4698,1455637,159229,579423,480712,415109
Wyoming,2008,122.5178237,69182,546043,South,757,25250,1930820.046,817404,22412,171394,500109,147129
Alabama,2009,25.22100961,35376,4757938,West,197,7703,455235,1616408,273645,528300,630969,466272
Alaska,2009,54.08537763,72204,698895,South,113,10470,1022272,622050,17640,265529,14505,343971
Arizona,2009,14.72453609,38232,6343154,South,164,11957,625117,1290735,96619,519423,413260,377504
Arkansas,2009,21.26452832,33837,2896843,West,350,8212,513156,848957,130225,342770,264083,248100
California,2009,10.06730593,51733,36961229,South,636,22125,1830669,5860272,729654,3498217,52403,2391374
Colorado,2009,18.68390117,49731,4972195,South,1155,25127,1942041,1343445,78258,475644,350224,533677
Connecticut,2009,10.07915364,65574,3561807,Northeast,50,745,68138,554500,41870,351790,26265,188571
Delaware,2009,13.4569881,64313,891730,West,7,34,2374,171701,6627,89161,33938,51652
District of Columbia,2009,5.403324395,166178,592228,West,3,0,0,57197,607,23093,331,34339
Florida,2009,12.02510486,38695,18652644,West,214,5114,288924,3244666,281008,1640422,581517,1081725
Georgia,2009,16.90080062,42052,9620846,West,121,5304,267439,2194257,220407,1029885,723449,475294
Hawaii,2009,14.03412892,48549,1346717,South,10,223,19465,256596,20082,242984,17083,2712
Idaho,2009,9.778447401,34664,1554439,South,112,2354,147051,240653,136232,147877,8443,87072
Illinois,2009,17.6919534,49859,12796778,Midwest,485,8608,509473,3173965,179247,1241282,1014972,968495
Indiana,2009,32.13958115,40572,6459325,Midwest,191,5874,336036,2627541,117202,775197,1365413,514548
Iowa,2009,27.72951033,45195,3032870,Midwest,62,1901,87119,1148739,288623,428121,444574,317392
Kansas,2009,25.73512799,43770,2832704,Midwest,950,9419,465070,996449,65990,356708,356079,292425
Kentucky,2009,33.44858115,36209,4317074,West,543,22690,1333889,1794419,83868,659899,937106,214279
Louisiana,2009,47.79982759,46949,4491648,West,1251,50500,3402757,3633639,117926,2076733,252519,1315265
Maine,2009,13.83885258,37910,1329590,Northeast,26,98,4368,278447,153482,208454,1652,73569
Maryland,2009,12.30283185,52515,5730388,West,62,1484,68087,980342,66621,527992,266860,203780
Massachusetts,2009,10.78615745,59178,6517613,Northeast,75,1193,87917,1073197,69014,592182,92056,408519
Michigan,2009,16.60339232,36676,9901591,Midwest,345,5738,323729,2293042,148912,841680,735907,750783
Minnesota,2009,17.53388385,48884,5281203,Midwest,124,4703,322301,1330347,201492,617410,328678,405564
Mississippi,2009,20.58284952,31658,2958774,West,341,5252,297463,913849,56261,407976,141675,371245
Missouri,2009,21.99262953,42012,5961088,Midwest,163,3666,191496,1679585,90829,665883,765617,266721
Montana,2009,33.43557098,36667,983982,South,299,6044,382443,432394,116424,185586,172812,76635
Nebraska,2009,26.09391714,47973,1812683,Midwest,114,934,45427,632343,86249,221989,249593,165436
Nevada,2009,14.67594653,44774,2684665,South,200,11291,951359,605886,54550,245352,83812,284007
New Hampshire,2009,12.99291392,47265,1316102,Northeast,34,181,11032,249365,49886,158965,32844,62049
New Jersey,2009,12.74612528,55067,8755602,Northeast,75,1354,87716,1730521,66476,1064968,59563,638792
New Mexico,2009,28.13233687,40670,2036802,South,602,17424,1025394,781685,32909,231692,306162,247947
New York,2009,9.007065082,59481,19307066,Northeast,287,3626,217346,2711932,407898,1430972,155965,1166620
North Carolina,2009,14.07472047,43160,9449566,West,110,3097,117584,1733522,179823,833325,678673,252729
North Dakota,2009,77.29695264,48858,664968,Midwest,223,6920,522324,603518,63549,131100,423267,57565
Ohio,2009,20.68714992,41593,11528896,Midwest,630,9784,505081,3166937,112821,1168426,1267267,771303
Oklahoma,2009,28.64773029,38640,3717572,West,2500,43778,2994310,1561134,91424,518820,373271,681062
Oregon,2009,10.73885417,47530,3808600,South,114,1352,73740,638287,422540,361588,33150,254837
Pennsylvania,2009,19.3418131,45312,12666858,Northeast,818,20519,1309929,3314430,163624,1288171,1223937,839666
Rhode Island,2009,10.6297561,45280,1053646,Northeast,21,135,8903,186688,7380,95655,0,94877
South Carolina,2009,17.75648646,34955,4589872,West,67,1104,45742,1084091,121753,533437,371981,197419
South Dakota,2009,18.33800663,45457,807067,Midwest,56,854,49155,219477,105828,119074,37480,66317
Tennessee,2009,16.25431195,39096,6306019,West,133,3348,143345,1358786,191345,684427,477713,223019
Texas,2009,22.45001877,47034,24801761,West,6252,170230,13490704,10101667,348443,5189414,1497854,3481133
Utah,2009,23.79360371,41563,2723421,South,422,10068,618052,853943,20315,269648,364994,223646
Vermont,2009,9.922905427,40855,624817,Northeast,42,0,0,93326,34196,87239,0,8681
Virginia,2009,13.33596268,51389,7925937,West,198,10215,567268,1478445,144844,843296,334605,330625
Washington,2009,11.50368973,52264,6667426,South,151,2845,196301,1138883,852600,755562,84048,319739
West Virginia,2009,48.43663325,34564,1847775,West,506,31552,2022911,1053756,50836,197962,742922,118643
Wisconsin,2009,16.98633191,43215,5669264,Midwest,128,2275,164386,1339038,152900,540717,425941,392485
Wyoming,2009,113.9588926,66320,559851,South,739,24682,1662027,785244,34967,165605,473912,147220
Alabama,2010,27.73156431,35915,4785161,West,201,7242,466794.2831,1785688,254251,545829,718684,544405
Alaska,2010,54.20008655,69565,714021,South,123,10847,1190101.052,634777,18440,287167,14548,334978
Arizona,2010,14.85594725,37936,6408208,South,174,10414,648676.9051,1292346,101545,518036,457909,336208
Arkansas,2010,22.55000524,34667,2922394,West,357,8823,551248.9923,909827,131442,354185,293689,274774
California,2010,9.803375624,51869,37334079,South,610,21425,1936320.982,5741492,836453,3488195,54972,2325411
Colorado,2010,18.91743165,49258,5048254,South,1162,23611,2153883.357,1370758,80056,492890,382623,510877
Connecticut,2010,10.11253124,64909,3579717,Northeast,50,956,88089.09527,562060,41232,342653,28711,203814
Delaware,2010,13.11415651,62838,899791,West,8,43,2689.878554,171414,7473,88973,30253,56087
District of Columbia,2010,5.288154864,168046,605126,West,4,0,0,58155,1097,25370,71,33717
Florida,2010,12.84357628,38603,18849890,West,214,4854,291046.0402,3491560,296222,1732832,637416,1180462
Georgia,2010,17.70739842,42029,9713454,West,120,4856,256547.905,2324200,237923,1050436,767906,541691
Hawaii,2010,14.00313788,49416,1363980,South,8,137,9926.18315,259018,19028,244523,17117,2732
Idaho,2010,10.18468656,34621,1570986,South,105,2444,162664.8467,250946,129327,160693,8527,85075
Illinois,2010,18.01226656,50305,12841249,Midwest,477,8024,516333.6997,3225698,196431,1234767,1069037,974412
Indiana,2010,33.69493374,42996,6490590,Midwest,184,6162,374782.5302,2770123,136242,767259,1449371,580752
Iowa,2010,28.94423367,45884,3050694,Midwest,62,1661,87360.05357,1187456,339199,428342,493794,312941
Kansas,2010,25.46501638,44244,2858824,Midwest,942,9159,478000.4706,997849,73644,366241,359908,280413
Kentucky,2010,34.77511289,37585,4347937,West,508,21192,1350070.117,1874296,78833,642601,1009823,239062
Louisiana,2010,51.74973284,48600,4544951,West,1271,49736,3525435.116,3974821,124917,2252279,259750,1483201
Maine,2010,13.63264906,38353,1327695,Northeast,23,82,4324.073243,277354,156802,198948,2279,80988
Maryland,2010,11.93764988,53677,5788409,West,58,1267,69724.32823,963419,68834,502856,266067,217744
Massachusetts,2010,10.93672601,60813,6565036,Northeast,73,1039,81497.22025,1107941,71472,601120,83850,447429
Michigan,2010,16.76559821,38764,9877369,Midwest,334,5242,339223.7919,2305457,150757,831256,749285,758696
Minnesota,2010,17.39817127,50151,5310903,Midwest,127,5164,439302.2288,1337325,219504,621840,315438,427198
Mississippi,2010,22.15252519,31688,2970316,West,321,5044,317805.1173,999309,72189,420439,148463,444875
Missouri,2010,22.53149239,42204,5996052,Midwest,159,3386,187712.988,1721620,93702,660556,801625,282141
Montana,2010,35.0277547,37733,990643,South,322,5962,443935.2347,447231,115870,173422,203339,72888
Nebraska,2010,27.212743,49569,1830025,Midwest,109,889,46782.63542,666348,128012,247772,254552,169620
Nevada,2010,13.87121593,44586,2703440,South,218,10922,996274.346,577325,56783,236701,80228,267808
New Hampshire,2010,12.60719917,48394,1316708,Northeast,39,210,13864.58251,242475,48812,152051,33827,62612
New Jersey,2010,12.9829106,55022,8803881,Northeast,66,1255,86720.54331,1772767,71029,1066511,71961,671474
New Mexico,2010,25.81437575,40297,2064741,South,593,14575,1053691.545,737539,38526,231842,267474,246201
New York,2010,8.993491701,61267,19402920,Northeast,259,3919,251289.1629,2733286,397680,1388377,167094,1224485
North Carolina,2010,14.93883395,43140,9558979,West,122,2848,128085.051,1869784,182663,844293,749091,308710
North Dakota,2010,77.38721777,52185,674530,Midwest,254,8396,718249.7186,622237,86097,151683,409684,70046
Ohio,2010,21.61901558,42668,11540766,Midwest,610,9043,495853.6294,3304252,118803,1176192,1355137,810958
Oklahoma,2010,28.27431458,38303,3759596,West,2525,41007,3258929.544,1571983,103938,541137,346047,697351
Oregon,2010,10.60455887,49602,3837972,South,114,1456,70567.49791,628380,399046,353084,42556,242914
Pennsylvania,2010,20.1620294,46388,12712014,Northeast,836,22685,1651350.289,3469617,176847,1289372,1310670,909263
Rhode Island,2010,10.44417163,46337,1053219,Northeast,21,144,8139.48986,184732,6842,92465,0,95710
South Carolina,2010,18.22733652,35126,4635894,West,63,999,49779.4789,1124533,125585,512593,404966,225961
South Dakota,2010,18.49812385,45606,816299,Midwest,58,868,50849.9207,226232,130159,118128,39061,72926
Tennessee,2010,17.2734259,39370,6356585,West,129,3306,159696.5353,1461432,171629,706456,515464,263365
Texas,2010,23.35174787,47417,25244363,West,6313,162655,14893488.61,10741110,451762,5569322,1568060,3689583
Utah,2010,23.05952311,41499,2775426,South,432,9369,633140.7412,847682,22424,267485,356148,229078
Vermont,2010,9.425161026,42170,625984,Northeast,43,0,0,90299,32526,84168,0,8502
Virginia,2010,13.54384311,51945,8025787,West,195,8926,577100.9487,1535604,136482,836687,346161,385931
Washington,2010,11.21152711,52681,6743060,South,146,2868,201487.0552,1115899,829145,743871,94934,294871
West Virginia,2010,53.82302579,35368,1854225,West,510,30091,2062701.984,1165405,48203,201659,848129,121780
Wisconsin,2010,17.3280255,44126,5690204,Midwest,128,2330,163562.1288,1361165,170158,548730,458442,376627
Wyoming,2010,115.6743122,64602,564516,South,729,23581,1812222.54,805265,45598,168001,484239,154759
Alabama,2011,27.05625451,36192,4801108,West,195,7809,509936.3248,1783839,266186,545476,651032,609288
Alaska,2011,53.27097631,70573,722720,South,126,11188,1238710.137,635981,17653,282607,15481,339819
Arizona,2011,14.42322854,38248,6468732,South,191,11160,731939.3295,1253992,130710,520885,459909,293134
Arkansas,2011,22.90254542,35158,2938538,West,363,9890,628745.7535,932878,126775,349910,306119,288906
California,2011,9.347471676,52067,37700034,South,624,22579,2071511.108,5550201,954915,3422328,55264,2196252
Colorado,2011,17.93150867,49274,5119480,South,1179,25006,2468515.051,1304903,105974,472021,368871,481614
Connecticut,2011,9.694244098,63640,3589759,Northeast,51,1022,89173.35762,557282,41559,327620,6081,236016
Delaware,2011,14.20836289,63793,907916,West,13,0,7377.305381,201518,7618,105570,17881,81710
District of Columbia,2011,4.996196444,166872,620472,West,4,0,0,55887,1275,23455,48,33389
Florida,2011,11.99129069,37859,19105533,West,210,4751,293623.4304,3357837,303477,1629177,552730,1235953
Georgia,2011,15.9697848,42137,9812280,West,121,5001,273736.6568,2142535,237791,1011058,634756,532310
Hawaii,2011,14.14861267,49318,1378227,South,7,138,10110.77108,265505,21608,252497,16080,2744
Idaho,2011,9.973903723,34270,1584134,South,109,2561,180622.3779,247718,176337,160125,7846,83947
Illinois,2011,17.8978473,51191,12861882,Midwest,489,8189,528286.597,3212010,199964,1212034,1052224,997722
Indiana,2011,32.36228574,43056,6516845,Midwest,187,6373,407504.8001,2712351,146221,767583,1333442,638237
Iowa,2011,27.89205546,46520,3065389,Midwest,60,1902,100782.4799,1155743,345864,429127,463138,309672
Kansas,2011,24.73939142,45469,2869917,Midwest,938,9513,516493.3997,970721,78472,347667,346521,285318
Kentucky,2011,34.18132633,37939,4367882,West,479,21816,1402920.276,1846216,83151,623652,1010623,229056
Louisiana,2011,51.95195766,45712,4575381,West,1310,53185,3923775.567,4015581,125916,2229381,269993,1536147
Maine,2011,13.25044777,37779,1328257,Northeast,25,0,0,268118,159755,196506,1542,75061
Maryland,2011,11.01952698,54203,5844171,West,59,1314,71871.26364,900614,78611,482582,241190,199223
Massachusetts,2011,10.28464728,61770,6611797,Northeast,71,1003,75013.89082,1073354,73459,589985,42963,464018
Michigan,2011,16.23029975,39756,9876589,Midwest,330,5591,377809.5961,2253650,164147,809737,691150,787337
Minnesota,2011,17.22100798,50879,5348119,Midwest,134,5587,496971.9147,1329595,229156,613398,315604,424978
Mississippi,2011,20.44997329,31169,2977999,West,339,5367,358746.8679,944952,72286,413072,107546,437873
Missouri,2011,22.4936433,41599,6010587,Midwest,163,3592,204595.9975,1719891,89507,641262,825650,275308
Montana,2011,31.87183913,38544,997746,South,345,6522,491009.03,422616,142704,180532,165687,79470
Nebraska,2011,28.33287107,51357,1842383,Midwest,112,963,50838.07482,690557,143760,237166,285384,173666
Nevada,2011,12.4318684,44548,2718819,South,226,11484,979164.4209,529486,58857,218234,62701,255970
New Hampshire,2011,12.28814331,48509,1318344,Northeast,37,182,14669.72645,242846,50174,151343,24489,72778
New Jersey,2011,13.03865889,54292,8842934,Northeast,70,1206,85244.8352,1794240,74360,1102214,49592,677923
New Mexico,2011,26.80170492,40158,2078226,South,625,16643,1162681.449,768020,41804,239500,284737,251838
New York,2011,8.446360387,61173,19523202,Northeast,254,4335,276568.3594,2620842,428810,1292068,125181,1247757
North Carolina,2011,13.30428633,43223,9651025,West,120,2856,142979.5222,1704725,181072,801102,624783,311189
North Dakota,2011,78.35686958,57079,685326,Midwest,335,14862,1302430.599,652742,104089,189095,394771,77752
Ohio,2011,20.58821135,44190,11545442,Midwest,593,9080,645207.5881,3188336,125575,1155372,1222606,849076
Oklahoma,2011,28.52143306,39957,3786626,West,2621,48619,4077861.582,1576848,108308,533939,378320,676910
Oregon,2011,9.616107911,51260,3868509,South,113,1341,72412.04349,572458,519065,343949,35135,203607
Pennsylvania,2011,19.52107154,46868,12745202,Northeast,869,29288,2101101.399,3412240,198017,1238080,1212984,1000509
Rhode Island,2011,10.45770524,46036,1051856,Northeast,20,138,7972.449344,185371,6580,86068,0,102465
South Carolina,2011,17.16340309,35609,4672733,West,62,1029,52423.21787,1077992,127455,495497,366160,235465
South Dakota,2011,17.71223442,47979,824289,Midwest,54,1031,59403.76061,218924,154573,116506,32112,73973
Tennessee,2011,16.61350761,40188,6398408,West,127,3436,167067.5926,1427048,184941,702641,481127,267929
Texas,2011,23.72686485,48339,25654464,West,6600,186950,17717323.25,10979933,512066,5586043,1695239,3800578
Utah,2011,22.90125122,41987,2816440,South,442,10755,790005.9237,858627,30921,288470,346181,230672
Vermont,2011,9.255018853,43127,626687,Northeast,41,384,22525.81751,88836,31707,82539,0,8679
Virginia,2011,12.29227807,51749,8110783,West,195,9814,646763.1647,1431388,130623,790369,288348,383527
Washington,2011,10.30303981,52495,6823229,South,142,2839,216455.9578,1042446,1069230,731570,56951,272261
West Virginia,2011,52.40039074,36085,1854948,West,499,33413,2435996.728,1138906,50365,197414,822645,124935
Wisconsin,2011,17.11117183,44905,5709720,Midwest,131,2330,162970.2553,1359984,169762,534121,447370,399247
Wyoming,2011,113.0743543,63981,567768,South,728,27001,2038207.844,797726,61348,170473,467671,161776
Alabama,2012,25.58092261,36424,4816089,West,204,9388,575843.1951,1740315,252908,537165,547004,677380
Alaska,2012,51.96737543,73464,731228,South,154,12833,1400302.586,629768,19569,268901,15521,347228
Arizona,2012,13.93199295,38537,6553262,South,188,10839,776277.9433,1248032,117667,507789,420570,339043
Arkansas,2012,22.41058566,34979,2949499,West,354,9488,583568.0372,918078,118119,332481,296732,300572
California,2012,9.386154188,52912,38056055,South,639,24459,2070924.837,5687343,824642,3306900,43832,2456371
Colorado,2012,17.47008849,49622,5191731,South,1218,28958,2731520.771,1282352,107361,469974,370085,461056
Connecticut,2012,9.489247514,63506,3593541,Northeast,51,1111,93974.52063,544358,38069,310763,9290,236260
Delaware,2012,15.15648801,62166,917099,West,11,114,10071.16818,221203,7049,102918,17384,104421
District of Columbia,2012,4.2496797,163270,635342,West,3,0,0,49025,1073,20354,77,29389
Florida,2012,11.51300942,37690,19352021,West,214,3961,236258.5045,3327632,305300,1559797,482984,1348390
Georgia,2012,13.76335638,42179,9917639,West,116,5071,267497.0667,1946907,230129,923640,435546,625008
Hawaii,2012,13.64314278,49484,1392641,South,7,100,8257.460861,256754,23417,242926,16572,2813
Idaho,2012,9.8364949,34090,1596097,South,118,2736,177758.2675,248082,155409,157231,5186,90339
Illinois,2012,16.90075166,52154,12875167,Midwest,484,8849,550813.8473,3044403,211643,1174412,969294,950711
Indiana,2012,30.05376182,43060,6538283,Midwest,193,6025,371769.8193,2562415,143597,739057,1193465,657719
Iowa,2012,26.00242603,47995,3076636,Midwest,66,2063,95962.9643,1092732,358766,416956,422595,299315
Kansas,2012,22.93608973,45498,2886281,Midwest,971,10270,561027.0472,913457,89061,346080,307585,268086
Kentucky,2012,31.62457928,38071,4382667,West,446,20933,1210259.512,1735259,75057,610568,909705,232702
Louisiana,2012,49.02603919,45479,4603676,West,1364,54434,4001470.97,3886754,122350,2080412,238811,1586439
Maine,2012,11.88964006,37705,1328888,Northeast,24,0,0,244896,157436,178251,1299,70451
Maryland,2012,10.16850175,54008,5890740,West,61,1365,74172.3128,857053,71032,470427,192334,216678
Massachusetts,2012,9.267353382,62458,6657780,Northeast,68,1032,68592.89685,982397,71914,550372,24036,430921
Michigan,2012,15.54585628,40464,9886879,Midwest,342,6255,413073.0087,2186354,169440,797436,621633,804084
Minnesota,2012,16.20684393,51271,5380443,Midwest,137,5643,488859.0632,1281593,230316,618698,257875,430286
Mississippi,2012,21.03387526,31779,2985660,West,357,6487,448975.2562,989634,85153,420760,82456,499946
Missouri,2012,21.1767783,41925,6025468,Midwest,166,3654,187048.2613,1623633,81853,618070,768297,258945
Montana,2012,30.34351848,38539,1005157,South,362,7546,568863.0851,405716,127369,176561,157308,75234
Nebraska,2012,27.20944755,50624,1855973,Midwest,113,1059,49883.02485,668116,132487,239386,272587,161774
Nevada,2012,12.52325878,43345,2754874,South,229,15168,1195600.346,548427,65238,221270,52850,281432
New Hampshire,2012,11.04894607,48644,1321393,Northeast,38,224,14861.93448,224415,49800,141574,14191,74336
New Jersey,2012,11.77478985,55150,8874893,Northeast,65,1187,81828.94224,1647100,80192,984155,25589,670970
New Mexico,2012,25.70999889,40075,2084792,South,625,18869,1323674.62,745336,44015,240007,263439,249815
New York,2012,8.236862167,62828,19606981,Northeast,261,4509,273493.2335,2593481,391891,1303383,72914,1260950
North Carolina,2012,12.43456847,42655,9747021,West,123,2723,131521.3456,1654828,181480,785481,534713,367948
North Dakota,2012,79.88437413,68088,702265,Midwest,411,19984,1849126.467,678850,100207,204238,406344,77469
Ohio,2012,18.85423229,44892,11551783,Midwest,583,9638,549528.0868,2984206,134196,1136174,1019140,869934
Oklahoma,2012,27.55600982,41854,3817679,West,2791,55834,4430625.33,1567142,129917,540464,327089,712411
Oregon,2012,9.46288753,49391,3899444,South,118,1384,67249.2023,575060,501825,335872,28259,220578
Pennsylvania,2012,18.68033677,47536,12772789,Northeast,872,34796,2461632.526,3324396,189410,1191607,1093178,1079497
Rhode Island,2012,9.977261346,46210,1052393,Northeast,17,147,8417.246513,178036,5822,82600,0,98435
South Carolina,2012,15.65233267,35341,4721341,West,57,1094,56558.51432,1012652,131385,484198,298572,250482
South Dakota,2012,17.97201398,46954,834631,Midwest,54,1039,58144.22339,225164,145340,121856,35574,71501
Tennessee,2012,15.49074126,41083,6455469,West,126,3368,170449.2419,1355061,176347,676850,423086,281007
Texas,2012,23.12019886,50231,26089741,West,6982,221389,20128089.26,11054960,517837,5687562,1498818,3964121
Utah,2012,21.63605701,41921,2856343,South,461,11885,856042.754,829676,27640,282102,322055,232630
Vermont,2012,8.780360091,43045,626398,Northeast,43,452,25852.57097,84141,28158,78317,0,8290
Virginia,2012,11.92426954,51538,8193374,West,189,9554,599341.0302,1432460,130980,817901,222270,424050
Washington,2012,10.23590128,53423,6897292,South,147,2090,148198.8562,1049562,1028702,752470,42656,271947
West Virginia,2012,49.29205299,35515,1856283,West,502,36657,2532407.292,1083056,50266,192522,756716,140133
Wisconsin,2012,15.82139772,45380,5726422,Midwest,141,2238,149540.682,1283286,163795,520160,373281,410305
Wyoming,2012,115.0620365,60744,577080,South,717,28627,2133839.269,821266,54920,175008,490128,158546
Alabama,2013,25.02829398,36611,4830533,West,189,7942,505782.8322,1689491,317796,520416,565051,625869
Alaska,2013,49.08860629,69596,737442,South,140,13029,1451234.039,600660,20445,254704,14819,332963
Arizona,2013,14.34216299,38292,6630799,South,187,11234,787129.5919,1289119,122654,514077,454865,340375
Arkansas,2013,23.1240684,35848,2957957,West,350,8365,544623.0386,936796,121643,335191,327099,286352
California,2013,9.384568094,53746,38414128,South,623,25806,2261377.662,5755210,871659,3357479,38151,2483208
Colorado,2013,17.35870018,50426,5271132,South,1185,28581,2799572.611,1303825,123010,472313,363532,487445
Connecticut,2013,9.729876392,62473,3597168,Northeast,50,1243,122158.5505,560141,40850,323148,7679,241509
Delaware,2013,14.69709397,60557,925353,West,11,211,17106.26757,213411,7466,98699,18254,100106
District of Columbia,2013,4.464698094,159356,649540,West,4,0,0,53357,1147,19863,4,34315
Florida,2013,11.32462547,37926,19594467,West,223,4185,262191.4238,3273949,317707,1588718,505155,1245287
Georgia,2013,13.51140092,42332,9991562,West,119,4822,265399.9426,1928374,270553,905786,426184,635287
Hawaii,2013,13.13206958,49479,1408765,South,7,101,8438.47805,252836,28493,240366,15306,2805
Idaho,2013,10.60277718,34795,1612785,South,116,2739,192631.7682,270907,139555,161565,7965,106356
Illinois,2013,18.01455129,51982,12889580,Midwest,482,8981,595644.3811,3266060,233774,1214951,1026925,1073734
Indiana,2013,30.6825124,43881,6570518,Midwest,186,6031,382316.5617,2632450,150319,779603,1198611,682842
Iowa,2013,26.1947388,48147,3092224,Midwest,66,1904,94675.248,1125533,384603,433463,402402,331358
Kansas,2013,24.14816401,45440,2894630,Midwest,986,10200,552362.5311,963626,132038,356441,326817,288840
Kentucky,2013,31.62441742,38331,4398500,West,427,18369,1103994.765,1737960,89320,604838,914774,236423
Louisiana,2013,47.08815209,43961,4627491,West,1343,52790,4028089.032,3785289,138629,2077718,228055,1499625
Maine,2013,12.49268125,37394,1328778,Northeast,23,0,4304.425014,253371,161239,191559,1657,66014
Maryland,2013,9.972978619,53614,5936040,West,62,1206,66502.16926,847590,77866,480774,183191,207422
Massachusetts,2013,9.77818719,61721,6708810,Northeast,66,892,64910.80289,1030817,80574,577022,42208,434893
Michigan,2013,16.40320202,41072,9900506,Midwest,332,5614,373243.5631,2304114,194778,856379,658172,828483
Minnesota,2013,16.58506042,52030,5420541,Midwest,129,5809,503286.192,1328816,233837,611908,267695,474891
Mississippi,2013,20.39468053,31648,2990976,West,352,6106,439508.1325,942046,71209,430772,97767,427323
Missouri,2013,21.97326542,42591,6043708,Midwest,164,3602,194914.7527,1689057,94670,623234,806549,280845
Montana,2013,31.54567913,38473,1014402,South,374,7447,608751.9723,422138,117734,177720,166104,81900
Nebraska,2013,28.5668432,51531,1869300,Midwest,107,977,50309.46386,705960,136283,239819,292956,178752
Nevada,2013,13.00904613,43054,2790366,South,213,14526,1190613.721,569355,75618,229896,64838,281972
New Hampshire,2013,10.81154643,48855,1322660,Northeast,38,220,14382.15778,214922,58036,148377,16778,55649
New Jersey,2013,12.09109206,55761,8907384,Northeast,64,1329,85771.70049,1704155,88743,999865,25910,712948
New Mexico,2013,25.49247924,39802,2086890,South,639,19163,1346130.184,741402,45244,239390,256377,252867
New York,2013,8.262644639,62605,19691032,Northeast,255,4123,265830.0167,2629451,409154,1289661,68707,1315282
North Carolina,2013,12.69624329,42848,9845432,West,113,3243,152834.7159,1734549,220377,829316,493771,445898
North Dakota,2013,78.49358647,67722,723626,Midwest,438,22075,1983954.983,701050,97385,228309,393193,88285
Ohio,2013,20.04799074,45291,11572232,Midwest,578,10943,665345.8598,3170468,148555,1154386,1104486,954374
Oklahoma,2013,26.98911742,43069,3853405,West,2763,58081,4617420.441,1537652,169985,531642,335925,682277
Oregon,2013,9.954099129,48280,3928030,South,116,1335,65545.32339,608017,464477,334966,38900,244025
Pennsylvania,2013,19.41559831,48380,12783536,Northeast,841,33228,2551786.369,3472175,217156,1210173,1126118,1176660
Rhode Island,2013,9.687934532,46441,1052856,Northeast,16,146,8723.96623,171472,5705,86276,0,88274
South Carolina,2013,14.78452964,35661,4768498,West,55,1018,50736.7752,975757,144874,502837,257319,236710
South Dakota,2013,18.21903061,46960,845270,Midwest,54,1085,59486.52746,231578,127797,117255,34246,83871
Tennessee,2013,15.17826768,41493,6496130,West,131,3328,168240.0265,1344036,218554,685915,399768,285308
Texas,2013,23.81448864,51844,26500674,West,7034,234893,22022749.78,11616497,551219,5971214,1597357,4143328
Utah,2013,23.07412822,42248,2903685,South,451,11086,812240.5797,897843,24777,291404,355230,258909
Vermont,2013,9.248495923,42778,627129,Northeast,43,468,27587.36751,89119,36060,81888,0,9746
Virginia,2013,12.71185159,51105,8267875,West,177,8667,506705.6036,1512226,146946,818748,290508,435247
Washington,2013,10.72665794,53987,6973281,South,134,2361,158382.3959,1113069,933321,728673,74955,327840
West Virginia,2013,50.62102499,35778,1852985,West,482,33574,2382620.808,1113141,59987,194329,771188,153875
Wisconsin,2013,17.60203828,45582,5743653,Midwest,141,2456,161463.8264,1418732,169351,531411,454554,453608
Wyoming,2013,117.6408046,60743,583131,South,683,26557,2070848.376,839683,54458,165581,520699,155960
Alabama,2014,25.4208733,36524,4846411,West,180,7001,466281.0391,1724891,276971,519666,575912,651532
Alaska,2014,47.62253645,67367,737046,South,146,12752,1525818.471,581369,21750,235572,18225,329585
Arizona,2014,13.83608299,38293,6728783,South,183,11920,817508.1659,1256577,141332,515002,447849,315448
Arkansas,2014,23.25710732,36228,2966835,West,349,8101,558619.4183,939788,122024,338026,339214,274767
California,2014,9.228637721,55247,38792291,South,634,27276,2243988.545,5702418,876758,3371579,39486,2417476
Colorado,2014,17.10363082,51899,5355588,South,1228,30741,3225102.742,1313834,131320,483029,350526,499668
Connecticut,2014,9.764206921,62285,3594762,Northeast,49,1903,209315.3092,559695,43850,322240,9097,240614
Delaware,2014,14.20988752,62761,935968,West,14,161,12626.48698,213655,7895,100277,10238,106854
District of Columbia,2014,4.546584303,159442,659836,West,6,0,0,55217,1249,20742,48,35316
Florida,2014,11.46412846,38414,19905569,West,229,4343,264462.0552,3350291,313697,1610828,557882,1246670
Georgia,2014,13.86532334,42929,10097132,West,119,4845,284085.5354,1985059,284771,872483,482657,666771
Hawaii,2014,12.95540173,49212,1420257,South,8,152,9028.758326,250786,30419,236620,17241,2805
Idaho,2014,10.15411003,34949,1634806,South,122,2978,219749.6285,260704,154656,163832,7472,94319
Illinois,2014,18.16461473,52605,12882189,Midwest,483,9089,623139.2896,3304158,240692,1220342,1017855,1116417
Indiana,2014,31.3585576,44626,6597880,Midwest,182,6008,391673.0279,2709827,155579,789201,1221492,727758
Iowa,2014,26.33880059,49144,3109481,Midwest,72,2056,109292.1091,1137920,406232,439727,401151,342431
Kansas,2014,24.04817628,45927,2902507,Midwest,1027,10988,615033.0723,965093,150193,368066,316572,289697
Kentucky,2014,31.59123033,38429,4412617,West,419,15950,1008538.495,1754132,89991,597274,913452,261233
Louisiana,2014,46.97794575,44372,4648990,West,1389,57820,4470653.619,3810396,158109,2052439,209973,1563857
Maine,2014,12.47880107,37981,1330256,Northeast,19,0,4448.677569,252829,157292,194366,2142,62355
Maryland,2014,10.29229102,53811,5975346,West,59,1098,59425.95877,878993,77132,484489,201220,217440
Massachusetts,2014,9.444682289,62050,6755124,Northeast,66,848,66572.47971,1011008,87672,571239,29871,433246
Michigan,2014,16.38715062,41768,9916306,Midwest,315,5877,385775.2904,2329372,208606,870759,618479,878699
Minnesota,2014,17.39010926,52899,5457125,Midwest,138,6223,518043.0202,1385193,262115,607762,313073,489901
Mississippi,2014,21.41346937,31337,2993443,West,349,6198,450954.8963,982217,72987,440093,116537,440003
Missouri,2014,21.80141353,42545,6063827,Midwest,168,3400,193508.8651,1694147,94399,635718,780707,301360
Montana,2014,31.56602675,38661,1023252,South,393,7647,620375.2915,423897,137260,172831,175357,79260
Nebraska,2014,27.6689078,52680,1882980,Midwest,114,1168,60679.27331,691958,140708,242555,276544,179544
Nevada,2014,13.0360595,43216,2838281,South,198,13879,1131186.605,568174,77310,237511,79230,259438
New Hampshire,2014,11.29521474,49551,1327996,Northeast,42,260,16873.07551,225508,60610,157727,14867,58841
New Jersey,2014,12.6973913,55679,8938844,Northeast,65,1392,87663.14442,1799165,94025,1005558,30731,798602
New Mexico,2014,24.02224431,40813,2085567,South,695,21717,1613434.491,711338,46803,246508,215348,256085
New York,2014,8.592901929,62944,19748858,Northeast,256,3731,250054.8285,2747588,430180,1342030,64655,1386580
North Carolina,2014,12.7560426,43260,9940387,West,115,3233,151612.0915,1761282,200727,832355,501592,460876
North Dakota,2014,79.04978109,70684,740040,Midwest,486,25691,2410904.124,723128,110791,242403,399195,90629
Ohio,2014,19.98793136,46364,11596998,Midwest,593,11060,731158.1471,3208044,151277,1147762,1057377,1044986
Oklahoma,2014,27.06457608,44447,3879610,West,2889,58924,4962139.602,1543910,170060,556153,336080,665799
Oregon,2014,9.568891232,48378,3971202,South,113,1272,61824.74661,588438,486204,339434,34238,225576
Pennsylvania,2014,19.17339905,49193,12793767,Northeast,882,32193,2560421.921,3486721,214928,1230104,1039161,1257090
Rhode Island,2014,10.04827914,46798,1054907,Northeast,19,151,10632.78344,178774,7453,90664,0,91259
South Carolina,2014,15.50994376,36213,4829160,West,56,1032,49887.89981,1021676,147601,500897,305656,235860
South Dakota,2014,17.93030385,46844,853304,Midwest,55,1172,65715.18719,230463,139114,117723,33062,83464
Tennessee,2014,15.80688658,41852,6547779,West,126,3265,166435.2773,1411675,187566,698891,427509,311966
Texas,2014,23.78509747,53385,26979078,West,7389,250806,24390754.27,11752655,606750,6054161,1585961,4219128
Utah,2014,22.17695512,42970,2944498,South,483,11370,811792.5804,875384,29161,286227,344054,252691
Vermont,2014,9.413386474,42903,626767,Northeast,40,423,25819.367,90377,35379,81968,0,10848
Virginia,2014,12.48784536,50861,8328098,West,183,9772,566619.6069,1500290,162353,818022,278183,437322
Washington,2014,10.39194038,54773,7063166,South,140,2505,151610.2791,1092335,947941,715873,76547,319784
West Virginia,2014,53.22512334,36234,1848751,West,496,29194,2026475.49,1163308,55864,191515,816460,161661
Wisconsin,2014,17.55381433,46469,5759432,Midwest,145,2996,211910.7487,1437711,177150,564769,417096,477923
Wyoming,2014,112.270325,61639,584304,South,710,26281,2149719.899,803967,55408,175326,489300,141763